video_id,comment_id,author_display_name,published_at,text_display,like_count
J5Z7tIq7bco,UgxYkRWq9fcEgeoYQd94AaABAg,@bunnosin7,2024-03-24T13:41:49Z,今日、就職で家を出る娘を見送りました。車だったので駅のロータリーでの別れでした。別れ際、気の利いた言葉の一つも掛けてあげられませんでした。<br>家に帰ってきて1人になったとき、突然物凄い喪失感に襲われ、声を漏らして泣いてしまいました。<br>20年一緒に暮らしてきましたが、正直父親として何も出来ていませんでした。<br>仲の悪い夫婦でごめん。要らない思いも沢山させました。<br>他界した両親も私が家を出たとき、こんな気持ちだったのでしょう。<br>今まで貴方からは貰ってばかりでした。最後に自分の親の気持ちまで貰いました。<br><br>月並みな言葉だけど、元気で育ってくれてありがとう。貴方の人生のもう一つの大きなスタートです。幸多き道になるよう、遠くから祈ります。<br><br>いってらっしゃい！,413
J5Z7tIq7bco,UgzEMISE-nDdBadGKRd4AaABAg,@りく-b7q,2020-11-28T10:21:44Z,探してなかったので歌詞貼っておきますね！<br><br><br>作詞：大橋卓弥<br>作曲：常田真太郎<br>改札の前 つなぐ手と手<br>いつものざわめき 新しい風<br>明るく見送るはずだったのに<br>うまく笑えずに君を見ていた<br><br>君が大人になってくその季節が<br>悲しい歌で溢れないように<br>最後に何か君に伝えたくて<br>「さよなら」に代わる言葉を僕は探してた<br><br>君の手を引くその役目が<br>僕の使命だなんて そう思ってた<br>だけど今わかったんだ 僕らならもう<br>重ねた日々が ほら 導いてくれる<br><br>君が大人になってくその時間が<br>降り積もる間に僕も変わってく<br>たとえばそこにこんな歌があれば<br>ふたりはいつもどんな時もつながっていける<br><br>突然ふいに鳴り響くベルの音<br>焦る僕 解ける手 離れてく君<br>夢中で呼び止めて抱きしめたんだ<br>君がどこに行ったって僕の声で守るよ<br><br>君が僕の前に現れた日から<br>何もかもが違くみえたんだ<br>朝も光も涙も歌う声も<br>君が輝きをくれたんだ<br>抑えきれない思いをこの声に乗せて<br>遠く君の街へ届けよう<br>たとえばそれがこんな歌だったら<br>僕らは何処にいたとしてもつながっていける,12593
J5Z7tIq7bco,UgxPCtxcT0MDYdo_3l14AaABAg,@sheep0437,2023-08-21T06:12:54Z,この曲のタイトルを決めるために会議室でスタッフ達と色々案を出し合ったけど、なかなか良いのが出なくて締切ギリギリまで決まらず、大橋さんがふと将来自分の子供が生まれたら「奏（かなで）」って名前をつけようと思ってたことを思い出して、その場で何気なく「奏」って案を出した話が好き。その時点で自分の子供を奏と名付ける夢は途絶えたって言ってたけど、、笑,479
J5Z7tIq7bco,Ugz0G2CzzScFCG-_npN4AaABAg,@くらる-j7m,2025-08-14T11:31:33Z,亡き母がずっと聴いていました。<br>この歌を聴いている時は母とつながれている気がします。,32
J5Z7tIq7bco,UgxCrSsouxyo9-9Uq354AaABAg,@ryuumm6983,2023-04-13T00:55:38Z,3歳の息子がいます。前は恋愛の曲のつもりで聞いてましたが、子ども産んだらまた変わって聞こえます。泣けます。,317
J5Z7tIq7bco,Ugx_vhCwGmmCConesht4AaABAg,@ドラえもん-e1o,2020-05-07T03:08:55Z,16年経ってもこんなに多くの人に親しまれてる神曲,10234
J5Z7tIq7bco,UgyHsT0Ppo9U1_I2jnt4AaABAg,@カレーライス-f6e,2024-03-29T08:43:40Z,1年前、合唱コンクールと卒業式の後に先生に向けて歌って、歌いながら泣きすぎて途中から歌えなかったです<br>今でもこの曲を聴くと懐かしさと思い出が湧き上がってきます<br>素敵な曲をありがとう,219
J5Z7tIq7bco,UgypWNSQEIoDFwd1-HJ4AaABAg,@yuunn25,2025-03-12T12:36:47Z,もうすぐ中学校卒業するから聴きに来た。<br>数年前から知ってて聴いてたけど、気づいたらもう15になってて、あぁ卒業しちゃうんだなと思うとなんか心にくる。何度聴いても良い曲だね。<br>みんなへ。私へ。卒業おめでとう。,133
J5Z7tIq7bco,UgyP97xTD1kVAn0vr_t4AaABAg,@romannoarukoinu,2020-07-03T07:33:41Z,未だに若い世代やその他の世代のカラオケ定番曲になってる事が凄い。 ブームとかじゃなくて名曲の証だと思う。,2476
J5Z7tIq7bco,UgznuZNYwBbXW8XJ80t4AaABAg,@kyk-ig8kj,2023-09-27T14:13:07Z,職場の飲み会でカラオケに行った時、<br>20歳そこそこの子がカラオケで歌ってたけど、<br>歌い継がれてるんだなー。<br>もう19年前なのかあ。<br>当時想っていた人とはもう連絡も取れないけど、<br>幸せになってくれてたらいいな。<br>ほんと名曲。当時の気持ちに一瞬で戻れる。,84
J5Z7tIq7bco,Ugyo7X7ou7Xzdkkwqa14AaABAg,@1024s,2024-02-12T19:19:19Z,「改札の前つなぐ手と手」<br>この入り方が最高に好きです。,292
J5Z7tIq7bco,UgyRsmvcZvgd92tNP_p4AaABAg,@ドゥカ-z1e,2025-06-26T11:18:51Z,スキマスイッチ大好きすぎて18年、日光のライブで妻に出会い結婚し、東海市のライブ中に妻の体調が悪くなり検査後、子供がいる事がわかりました。<br>その子が無事産まれ息子の名前を奏にさせてもらいました。<br>いい歌をありがとうございます<br>これからもこの曲を聞き息子を育てていきたいです<br><br>本日にいつもありがとう,172
J5Z7tIq7bco,UgyFuSrckWmVst8gQlh4AaABAg,@satoshimen,2020-01-16T13:03:08Z,当時もヒットはしたけど、そこまで大旋風を巻き起こすような売れ方ではなかった。<br>しかし今や堂々たる1億回の再生を達成。<br>じっくりと時間をかけて熟成し、本質的に認められた歌であるように思います。<br>今後も世代を超えて愛される事でしょう。,2941
J5Z7tIq7bco,UgwfnmbO950ERmBdfAl4AaABAg,@marvelousshimons1963,2023-05-18T00:30:26Z,"【歌詞】<br>改札の前つなぐ手と手<br>いつものざわめき 新しい風<br>明るく見送るはずだったのに<br>うまく笑えずに君を見ていた<br>君が大人になってくその季節が<br>悲しい歌で溢れないように<br>最後に何か君に伝えたくて<br>「さよなら」に代わる言葉を僕は探してた<br>君の手を引くその役目が<br>僕の使命だなんて そう思ってた<br>だけど今わかったんだ 僕らならもう<br>重ねた日々がほら、導いてくれる<br>君が大人になってくその時間が<br>降り積もる間に僕も変わってく<br>たとえばそこにこんな歌があれば<br>ふたりはいつもどんな時も つながっていける<br>突然ふいに鳴り響くベルの音<br>焦る僕 解ける手 離れてく君<br>夢中で呼び止めて 抱き締めたんだ<br>君がどこに行ったって僕の声で守るよ<br>君が僕の前に現れた日から<br>何もかもが違くみえたんだ<br>朝も光も涙も、歌う声も<br>君が輝きをくれたんだ<br>抑えきれない思いをこの声に乗せて<br>遠く君の街へ届けよう<br>たとえばそれがこんな歌だったら<br>ぼくらは何処にいたとしても つながっていける",4530
J5Z7tIq7bco,UgzdHIBNmnBEBoHCXUB4AaABAg,@kosiandesu,2025-08-13T16:58:05Z,2億きたぞーーー！おめでとうございます～！🎉🎉🎉<br>2025　8月14日　木曜日　<br>ついでに歌詞張っておきます！<br>改札の前つなぐ手と手　いつものざわめき、新しい風<br>明るく見送るはずだったのに　うまく笑えずに君を見ていた<br><br><br>君が大人になってくその季節が<br>悲しい歌で溢れないように<br>最後に何か君に伝えたくて<br>「さよなら」に代わる言葉を僕は探してた<br><br><br>君の手を引くその役目が僕の使命だなんて　そう思ってた<br>だけど今わかったんだ　僕らならもう　重ねた日々がほら導いてくれる<br><br>君が大人になってくその時間が<br>降り積もる間に僕も変わってく<br>たとえばそこにこんな歌があれば<br>ふたりはいつもどんな時もつながっていける<br><br><br>突然ふいに鳴り響くベルの音<br>焦る僕　解ける手　離れてく君<br>夢中で呼び止めて　抱き締めたんだ<br>君がどこに行ったって僕の声で守るよ<br><br><br>君が僕の前に現れた日から<br>何もかもが違くみえたんだ<br>朝も光も涙も、歌う声も<br>君が輝きをくれたんだ<br><br><br>抑えきれない思いをこの声に乗せて<br>遠く君の街へ届けよう<br>たとえばそれがこんな歌だったら<br>ぼくらは何処にいたとしてもつながっていける,253
J5Z7tIq7bco,UgyWzJJK1XNoCMxrcbt4AaABAg,@vjadwp,2021-02-08T00:18:05Z,好きだった人が、よく歌っていた曲。結局最後まで好きって言えなかった。10年たった今も忘れられない。<br>この曲を聴くと、あの時を思い出して切なくなります。,132
J5Z7tIq7bco,Ugzqlz_g2lW2m5dauPl4AaABAg,@kotematsuri,2020-04-27T07:59:52Z,「君がどこに行ったって 僕の声で守るよ」  最もグッとくるポイント,422
J5Z7tIq7bco,UgwUzjQHq-AUkaBSMth4AaABAg,@たなしい,2022-07-23T18:07:31Z,子供が大学進学で上京する時にこれが私を奮い立たせてくれた曲。<br>君が私の前に現れた日から、本当に全てが違って見えたよ。<br>ずっと守っていくと誓ったけど、君は私の手から離れて大人になる時が来たんだね。<br>今でも聴く度に胸が締め付けられるような感覚になるのに、不思議と優しさと温もりも感じる名曲です。,62
J5Z7tIq7bco,UgyPG6aPKthoJibK-354AaABAg,@山田颯太-f9q,2025-03-10T09:14:23Z,彼女との別れとか、自分の子供との別れとかいろんな解釈できるように作られてるのいいよね,118
J5Z7tIq7bco,UgwH3godi6pGaeBUL4p4AaABAg,@青木茂子-c9o,2024-02-09T05:37:32Z,昨日、TVで偶然にこの曲に出会い、奏という名に惹かれ釘づけになりました。81才の老女ですが紆余曲折を経て、現在、藤和の奏という老人施設で生活しています。のんびりと穏やかな毎日を過ごしており、奏がらみの曲に聞き入りました。<br>あの時、改札口で別れた二人は、幸せになったでしょうか…,87
J5Z7tIq7bco,UgzVI6TZ21Dl21_Tbf94AaABAg,@すず-m6s2c,2021-08-25T14:09:44Z,先日亡くなった母が奏がテレビで流れる度にこの曲好きなんだよね〜と言っていました。<br>お葬式では奏を生演奏で流してくださり、母との思い出が蘇り涙が止まりませんでした。<br>素敵な曲をありがとうございます。,1983
J5Z7tIq7bco,UgxQwMBEpmgz7ayULZp4AaABAg,@トアン-w4c,2022-05-20T14:09:12Z,僕は外国人なんですがこの曲が大好きで、もう1000回以上聞いてる気がします。この曲のおかげで、日本の歌に興味を持ちました。本家に感謝してます❣️！,232
J5Z7tIq7bco,UgzYQFTOxZon38nGs2p4AaABAg,@歌とスプラ好き,2024-10-04T10:54:52Z,21年前の曲なのにMVランキング81位になってる…<br>それほどこの曲愛されてるんだな,77
J5Z7tIq7bco,UgwwIH4dxa5VipX6J_d4AaABAg,@光高畑,2023-08-06T13:57:27Z,スキマスイッチよくこんないい歌思いついたよな,106
J5Z7tIq7bco,Ugy4FpmINb47YCXKj6B4AaABAg,@かなかな-b3b,2023-10-19T11:56:19Z,モニタリング見たけどサプライズで生歌ききたい。 何度聴いても感動します。,649
J5Z7tIq7bco,UgyagT9TmZMXdWfeJQV4AaABAg,@AM-lx6vl,2022-10-03T15:28:30Z,全力少年でスキマスイッチが軽くブレイクした当時、「全力少年もいいけど、奏っていう本当にいい曲があるんだよ！」ってずっと思ってた。古参ぶりたいとかじゃなくて、この曲が埋もれずに今もみんなに愛されてることが本当に嬉しい。,68
J5Z7tIq7bco,UgxZzLcwk-sfWopGXDh4AaABAg,@南-j9u,2025-08-16T12:20:04Z,トークハンサムでの、timelesz寺西さんのカバーが良過ぎて思わず来ました,25
J5Z7tIq7bco,Ugxu7JnXU8oiTUWUZQN4AaABAg,@satoshi3373,2023-03-25T13:30:40Z,大事な息子が２３歳で旅立ちました<br>イジメに耐えて頑張っていましたが最後に家族一人一人に笑顔で少しずつ手伝いをしてくれてクリスマス前に何も言わずに一言ごめんなさいと書き置きを残し一人で旅立ちました<br><br>今度また生まれ変わって幸せな人生を歩んで欲しいです<br>息子が良く聞いていた曲でした,385
J5Z7tIq7bco,Ugxa83xZd0QD0S1H0t54AaABAg,@asuco-mz3qe,2023-10-21T14:03:19Z,３年間、彼と岡山と東京で遠距離してたんですが、お互い仕事も忙しく会えるのも2ヶ月に1回。新幹線の改札で別れた後寂しくて、帰り際にこの曲をよく聞いていました。歌詞が刺さるんですよね😢 その彼とは、結婚5年目を迎えました。隣で過ごせてることに感謝です😌,368
J5Z7tIq7bco,UgyAQ0IdckpQMptzFJl4AaABAg,@三宅雄也-t1l,2024-03-18T12:07:43Z,もう20年も前の曲だけどかなりいい曲だなぁ<br><br>この曲スキマスイッチの曲で１番好きだわ,126
J5Z7tIq7bco,UgwYVjQil2yjvjR9ovF4AaABAg,@ChiYuchi-e3i,2025-08-16T13:05:28Z,トークハンサムから来ました！<br>寺西くんが歌ってて本家も聴きたくなりました。<br>やっぱり名曲。,32
J5Z7tIq7bco,UgxMa2_F2YvPSwXVWA94AaABAg,@-kparus1057,2021-10-08T12:34:11Z,このご時世、この世代。<br><br>なかなか会えない距離や<br>複雑な関係性のふたりが、<br>生涯忘れられないような恋と愛を<br>とことんまっすぐ突き詰めて欲しい。<br>そんな名曲！！！,118
J5Z7tIq7bco,Ugxh2H9VqPB_T2ahZdh4AaABAg,@ronnachai4919,2020-11-29T16:50:47Z,私はこの曲を10年間聴き続けています。同じ年齢のすべてのタイ人がこの曲を聴くのが大好きです。毎年音楽を作ってくれた日本人に感謝します。心から感謝します。あなたの国のすべての曲とあらゆるジャンルを聴いてください。 🤟🥰🇯🇵,62
J5Z7tIq7bco,UgyWo0nSyJWzh5EK-hV4AaABAg,@上田将吾,2019-02-18T11:35:02Z,"名曲練習用<br><br>【<a href=""https://www.youtube.com/watch?v=J5Z7tIq7bco&amp;t=53"">0:53</a>】改札の前つなぐ手と手 いつものざわめき、新しい風<br>【<a href=""https://www.youtube.com/watch?v=J5Z7tIq7bco&amp;t=66"">1:06</a>】明るく見送るはずだったのに うまく笑えずに君を見ていた<br><br>【<a href=""https://www.youtube.com/watch?v=J5Z7tIq7bco&amp;t=80"">1:20</a>】君が大人になってくその季節が<br>悲しい歌で溢れないように<br>【<a href=""https://www.youtube.com/watch?v=J5Z7tIq7bco&amp;t=93"">1:33</a>】最後に何か君に伝えたくて<br>「さよなら」に代わる言葉を僕は探してた<br><br>【<a href=""https://www.youtube.com/watch?v=J5Z7tIq7bco&amp;t=113"">1:53</a>】君の手を引くその役目が僕の使命だなんて そう思ってた<br>【<a href=""https://www.youtube.com/watch?v=J5Z7tIq7bco&amp;t=125"">2:05</a>】だけど今わかったんだ 僕らならもう 重ねた日々がほら、導いてくれる<br><br>【<a href=""https://www.youtube.com/watch?v=J5Z7tIq7bco&amp;t=140"">2:20</a>】君が大人になってくその時間が<br>降り積もる間に僕も変わってく<br>【<a href=""https://www.youtube.com/watch?v=J5Z7tIq7bco&amp;t=152"">2:32</a>】たとえばそこにこんな歌があれば<br>ふたりはいつもどんな時もつながっていける<br><br>【<a href=""https://www.youtube.com/watch?v=J5Z7tIq7bco&amp;t=197"">3:17</a>】突然ふいに鳴り響くベルの音<br>焦る僕 解ける手 離れてく君<br>【<a href=""https://www.youtube.com/watch?v=J5Z7tIq7bco&amp;t=210"">3:30</a>】夢中で呼び止めて 抱き締めたんだ<br>君がどこに行ったって僕の声で守るよ<br><br>【<a href=""https://www.youtube.com/watch?v=J5Z7tIq7bco&amp;t=227"">3:47</a>】君が僕の前に現れた日から<br>何もかもが違くみえたんだ<br>【<a href=""https://www.youtube.com/watch?v=J5Z7tIq7bco&amp;t=240"">4:00</a>】朝も光も涙も、歌う声も<br>君が輝きをくれたんだ<br><br>【<a href=""https://www.youtube.com/watch?v=J5Z7tIq7bco&amp;t=253"">4:13</a>】抑えきれない思いをこの声に乗せて<br>遠く君の街へ届けよう<br>【<a href=""https://www.youtube.com/watch?v=J5Z7tIq7bco&amp;t=266"">4:26</a>】たとえばそれがこんな歌だったら<br>ぼくらは何処にいたとしてもつながっていける",3255
J5Z7tIq7bco,UgwaKyvmFAhAHLUYafd4AaABAg,@Tunshiii,2025-03-12T05:05:31Z,来日してもう10年になりました。20代男性です。<br>勝手に涙が流れてきました。<br>母国に住んでいた頃、日本に来たばっかの頃思い出しました。<br>世界一の歌声です。,29
J5Z7tIq7bco,Ugw6LBmNbDVJNI2bIDN4AaABAg,@ヤマジロー,2021-04-29T09:24:55Z,「抑えきれない思いをこの声に乗せて、遠く君の街へ届けよう」<br>ここめっちゃ好き,880
J5Z7tIq7bco,UgyMrM3mhzhqQZrndHd4AaABAg,@ronnachai4919,2020-05-20T20:07:23Z,私はこの曲を聴いて10周年を迎えた今日のタイ出身です。今後もこのような良い音楽を作っていただければ幸いです。健康を願っています。🇯🇵❤,286
J5Z7tIq7bco,UgwPny8q8ARJQpDSca54AaABAg,@ぬん-p2x,2021-08-17T15:33:30Z,高1の時クラスが最悪で辛かったけどこの歌を毎日聞いて乗り越えました。今はもう大学1年生です。乗り越えた後の2年半はとても楽しかったです。今辛い思いをしている人がこの歌に出会って救われますように🙏,128
J5Z7tIq7bco,Ugwe_aXoy6amwABB2Bp4AaABAg,@来世-q5t,2025-04-04T10:34:53Z,こんな何十年前の曲なのにずっと聴いてるわ、神曲すぎるわ,72
J5Z7tIq7bco,Ugyve2k2Rmh5Zes9_1p4AaABAg,@OK-co1yn,2020-04-30T07:13:42Z,本来ならこの歌を卒業式でサプライズで歌って先生とクラスのみんなで最後に笑えるはずだったのに…<br><br>やっぱ人生ってそんな上手く<br>いかないってことを<br>コロナウイルスに教えて貰えた、<br>みんなと過ごせてほんとに楽しかったな。,864
J5Z7tIq7bco,UgypRm0oKOdXeTZbk3Z4AaABAg,@トメト-o6l,2019-12-18T11:52:03Z,5年、10年経っても聞き継がれるのが本当の名曲なんじゃないかな。<br><br>今でも聞いてるよ〜って人が1人でも多く👍押してくれたら嬉しいです。,63
J5Z7tIq7bco,UgzZ4ws0XKScihyUQpF4AaABAg,@たい-r5u,2025-09-01T11:38:35Z,30秒くらい経っても全然音鳴らなくてスピーカー壊れたかとおもって見たら、CDが割れていた思い出のある曲です,14
J5Z7tIq7bco,UgxhNkFe1DbhOMMoD5J4AaABAg,@zarusoba.,2023-08-03T23:35:20Z,20年近く前の曲なのに、未だ多くの人が聞いていて本当にすごくて、いつまでも色褪せない神曲,716
J5Z7tIq7bco,Ugy4C5XqCtvv61qQv3N4AaABAg,@SHAMMM-oq2ug,2023-04-15T16:22:18Z,離婚し、子供と離れ離れになりました。<br>子供達と一緒にいられるのはあと何日、何日と思いながら聴いたこの曲は、今口ずさんでも涙で声が震えて最後まで歌えません。<br><br>いつか子供達に会えるようになったら歌える日がくるのかもしれませんが。,100
J5Z7tIq7bco,Ugz5G62pCP6l_2WxPQt4AaABAg,@ph8635,2024-01-03T04:13:13Z,これ歌うと綺麗な気持ちになれる,85
J5Z7tIq7bco,UgxQuP5bbdxbwVIdbMZ4AaABAg,@leneconX,2025-08-17T17:16:48Z,この曲大好きって泣ける<br><br>基本的には恋人同士の別れの曲なのかな？とは思うけど<br>ちょっと文字変換出来たら<br>卒業などで離れ離れになった親友、亡くなった大切な人・ペットなど、離婚してあまり会えなくなった子供など<br>大切な何かを望まない方でなくした人なら響く気が…<br><br>私もどれかだけど<br>たまに深夜など人で聴いてるけど<br>突然ふいに～から特にヤバくて　君が僕の前に現れてから～で泣いてしまう<br>ホントにさ会ってから人生が違ってみえたんだよね　いつまでも近くにいて欲しかったけど、この曲通して会ってくれてありがとうって感謝が強い,9
J5Z7tIq7bco,Ugzm8j9dw7geJLVqhYV4AaABAg,@コバ-x3d,2022-03-23T13:17:16Z,ここまで長い歴史を持ちながら、未だに人気曲、感動曲であること<br>本当に凄いことだと思います,1034
J5Z7tIq7bco,UgzwW7I7lY39VXbloBh4AaABAg,@板谷梨花,2021-10-10T14:04:57Z,懐かしいです。私が小学6年生の誕生日の時に父がこの歌で、動画を作って見せてくれました。そんな私も先月20歳になりました。<br>今は家をでていますが、大学にも通わせてくれて両親には本当に感謝です。いつもありがとう⸜🌷︎⸝‍,44
J5Z7tIq7bco,UgxyhpMOT5avzTU95o54AaABAg,@細野敏明,2021-12-10T14:52:34Z,前奏から歌詞、サビ、終わりまで、全てにおいて完璧な曲。,930
J5Z7tIq7bco,UgwRCNAe9IqN9a8_8854AaABAg,@shalybune,2024-07-13T03:51:17Z,歌詞を貼りました。時は2025年9月少し暑さ引いた中旬にぃ まさかぁー この心に残る神曲をいまさらぁー聴いてる奴ぁいないよなぁ？<br><br><br>改札の前つなぐ手と手🎵<br>いつものざわめき 新しい風 <br>明るく見送るはずだったのに <br>うまく笑えずに君を見ていた <br>君が大人になってくその季節が <br>悲しい歌で溢れないように <br>最後に何か君に伝えたくて<br> 「さよなら」に代わる言葉を僕は探してた<br>君の手を引くその役目が <br>僕の使命だなんてそう思ってた <br>だけど今わかったんだ僕らならもう <br>重ねた日々がほら、導いてくれる <br>君が大人になってくその時間が <br>降り積もる間に僕も変わってく たとえばそこにこんな歌があれば <br>ふたりはいつもどんな時もつながっていける 突然ふいに鳴り響くベルの音 <br>焦る僕 解ける手 離れてく君 夢中で呼び止めて抱き締めたんだ 君がどこに行ったって僕の声で守るよ <br>君が僕の前に現れた日から 何もかもが違くみえたんだ 朝も光も涙も、<br>歌う声も 君が輝きをくれたんだ 抑えきれない思いをこの声に乗せて <br>遠く君の街へ届けよう たとえばそれがこんな歌だったら <br><br>ぼくらは何処にいたとしてもつながっていける<br><br><br><br><br><br><br><br>コメントでも　つながっていける,2911
J5Z7tIq7bco,UgypSFhFUVFcRh6bVo14AaABAg,@aki_29_yosi,2021-01-22T20:09:02Z,本当の名曲って前奏から神なんだよね,226
J5Z7tIq7bco,UgydA2kKCX5zuhGpqPR4AaABAg,@竹岡良恵,2021-03-13T13:16:12Z,娘が家を出ることになりました。大変だったけど、生まれてきてくれて一緒に過ごしてくれてありがとう。,3986
J5Z7tIq7bco,Ugy9pjvqW9FBWXzU3kF4AaABAg,@ponzzz1500,2023-11-24T06:28:55Z,子供に向けての曲って話題になってて聞いてみたら号泣。転調するところからやばい,145
J5Z7tIq7bco,UgwSIFaGAz-8gcfFppx4AaABAg,@skydle-mf_ight,2025-08-14T10:25:07Z,2億回再生おめでとうございます！『歌いたくないときもあった』と語り、歌い始めた一昨年のオーキャンの「奏（かなで）」、いままで聴いてきたなかで一番胸に焼き付いています。ヒット曲ゆえに、こすられることも多いとは思いますが、それが誰かの心に届き、スキマの活動を知る入り口になって、「奏（かなで）」のように、いろんな曲たちに光が当たってもっと輝けることを願っています。,16
J5Z7tIq7bco,Ugym1H2W9N_1OJZheWp4AaABAg,@べるー,2021-12-17T09:54:09Z,色々な人がカバーしてるけど、やっぱりこの声が一番だなぁ,558
J5Z7tIq7bco,UgwTHrzoFra6neZB91B4AaABAg,@シバハル-d5f,2023-10-19T12:21:41Z,結構モニタリングは感動を与えてくれます!<br>まさか、奏まで聴けるなんて😂,223
J5Z7tIq7bco,UgztocpA2o2ez1Dz4qx4AaABAg,@kotaro2139,2021-03-06T20:38:42Z,今日東京から福岡に引っ越しです。<br>彼女には、早朝に出発だから無理して見送りに来るなってカッコつけました。<br>結局、来て貰えばよかったと思いながらこの曲聴いてます…,52
J5Z7tIq7bco,UgyLNtAqUwRsIeQUCWB4AaABAg,@古賀ひろ子,2024-09-20T08:48:25Z,何度聞いても、良いですねぇ!時には涙する時も有ります😢63歳のバァちゃんです!,110
J5Z7tIq7bco,UgwKHIzOWuhKzClKIzJ4AaABAg,@suu_12o,2023-10-17T07:57:03Z,文化祭で歌います！とても素晴らしい曲です😭 絶対1位取ります！,62
J5Z7tIq7bco,UgzcNfKUGx4TsG68tlx4AaABAg,@たぬん-t4l,2023-10-19T11:54:59Z,良い唄は何年経っても聴いてしまう,130
J5Z7tIq7bco,Ugx_oQ0HUukBuTnHvo94AaABAg,@user-lv4dz7ch8m,2020-12-12T05:01:52Z,何かスキマスイッチのファンとかじゃないんだけどさ、この曲聞くと子供の頃に居た家や家族でドライブした時の事を思い出して親孝行したいなって思う。親が居なくなり親孝行出来なくなる前に沢山しなきゃな,36
J5Z7tIq7bco,UgyzbgxEnJEamyqqg-p4AaABAg,@waka_kids.8669,2025-06-10T16:56:34Z,この歌は恋愛にも家族にも当てはまる曲だと思います。<br>大好きな曲なので、妊娠中も聞いていました。<br>娘の手を引く役目が私の使命、娘が大人になっていく時間、私もどんどんきっと変わって(歳をとって)いく、娘が私の前に現れた日から、何もかも変わって輝いて見えた…、もしあなたが私から離れる時がきたら、きっとこの歌があれば繋がっていれる。<br>そんな解釈をして、この歌にはたくさんの私の気持ちを代弁してくれる言葉があったので、娘への気持ち、感謝をこめて、娘の名前に「奏」という漢字を入れました。<br><br>今日娘は誕生日を迎えました。<br><br>娘がいつか結婚式でこの曲を流すことがあったら…私はきっと泣いてしまうことだろう。,9
J5Z7tIq7bco,UgwzWhIDUAfvlvRALEd4AaABAg,@らた-y3t,2021-05-07T14:55:03Z,あの頃に戻りたい<br>コロナで無くなったあの日々に,102
J5Z7tIq7bco,UgziR10ubxTp2cYhRrN4AaABAg,@美智子-o4o,2022-08-18T01:38:16Z,いつ聴いても心に響く<br>歌です<br>良い歌詞ですよね<br>君か大人になって行く<br>からのフレーズが良い<br>ですね<br>情景が浮かんできます<br>スキマスイッチの曲の<br>中で一番好き!!,360
J5Z7tIq7bco,Ugxg6g6zcmVsfvaVbiN4AaABAg,@みやけあや-d2j,2021-04-01T13:59:52Z,一番、輝いていたあの頃を思い出す<br>この曲を聴くとあの頃の日々が鮮やかになる,151
J5Z7tIq7bco,UgwaxrObTLJYWUjCkBd4AaABAg,@teketekekoro4,2025-08-11T09:58:49Z,もう少しで2億回！,21
J5Z7tIq7bco,UgxPv3YHvjJJ2AbedkN4AaABAg,@user-jd1qn7wi4s,2023-03-14T09:20:21Z,歌詞<br><br>改札の前 つなぐ手と手<br>いつものざわめき 新しい風<br>明るく見送るはずだったのに<br>うまく笑えずに君を見ていた<br><br>君が大人になってくその季節が<br>悲しい歌で溢れないように<br>最後に何か君に伝えたくて<br>「さよなら」に代わる言葉を僕は探してた<br><br>君の手を引くその役目が<br>僕の使命だなんて そう思ってた<br>だけど今わかったんだ 僕らならもう<br>重ねた日々が ほら 導いてくれる<br><br>君が大人になってくその時間が<br>降り積もる間に僕も変わってく<br>たとえばそこにこんな歌があれば<br>ふたりはいつもどんな時もつながっていける<br><br>突然ふいに鳴り響くベルの音<br>焦る僕 解ける手 離れてく君<br>夢中で呼び止めて抱きしめたんだ<br>君がどこに行ったって僕の声で守るよ<br><br>君が僕の前に現れた日から<br>何もかもが違くみえたんだ<br>朝も光も涙も歌う声も<br>君が輝きをくれたんだ<br>抑えきれない思いをこの声に乗せて<br>遠く君の街へ届けよう<br>たとえばそれがこんな歌だったら<br>僕らは何処にいたとしてもつながっていける,115
J5Z7tIq7bco,UgwONa1gMawBjZ6W5lh4AaABAg,@日本人-s3c,2020-12-30T09:54:27Z,"<a href=""https://www.youtube.com/watch?v=J5Z7tIq7bco&amp;t=48"">0:48</a><br>改札の前 つなぐ手と手<br>いつものざわめき 新しい風<br>明るく見送るはずだったのに<br>うまく笑えずに君を見ていた<br><br>君が大人になってくその季節が<br>悲しい歌で溢れないように<br>最後に何か君に伝えたくて<br>「さよなら」に代わる言葉を僕は探してた<br><br>君の手を引くその役目が<br>僕の使命だなんて そう思ってた<br>だけど今わかったんだ 僕らならもう<br>重ねた日々が ほら 導いてくれる<br><br>君が大人になってくその時間が<br>降り積もる間に僕も変わってく<br>たとえばそこにこんな歌があれば<br>ふたりはいつもどんな時もつながっていける<br><br><a href=""https://www.youtube.com/watch?v=J5Z7tIq7bco&amp;t=192"">3:12</a><br>突然ふいに鳴り響くベルの音<br>焦る僕 解ける手 離れてく君<br>夢中で呼び止めて抱きしめたんだ<br>君がどこに行ったって僕の声で守るよ<br><br>君が僕の前に現れた日から<br>何もかもが違くみえたんだ<br>朝も光も涙も歌う声も<br>君が輝きをくれたんだ<br>抑えきれない思いをこの声に乗せて<br>遠く君の街へ届けよう<br>たとえばそれがこんな歌だったら<br>僕らは何処にいたとしてもつながっていける",570
J5Z7tIq7bco,Ugz9NWk_URGxUz5cwYl4AaABAg,@mickey.channel,2023-05-27T09:58:02Z,1.6億回視聴！？　凄っ<br>そして相変わらず大橋さんの歌唱力としゃくりとこぶしの利いた声が美しい。,93
J5Z7tIq7bco,Ugy3guJ5rpEa4PKXzI14AaABAg,@ああ-v5c7j,2025-08-13T20:20:52Z,2億回再生おめでとうございます🎉🎉🎉<br>スキマスイッチのファンとして応援し続けてきて、「奏（かなで）」のYouTubeの再生回数が2億回を超えた、大きな節目を祝うことができて大変光栄です。<br>スキマスイッチのお二人にとっても大切なこの曲が、こうして長くみんなに愛されていることを嬉しく思います。<br>改めて、本当におめでとうございます！！！🎉🎉🎉,26
J5Z7tIq7bco,Ugw0h4RTLnxaJYoZJuZ4AaABAg,@ぬぴ-q6k,2019-07-07T15:00:26Z,高木さん2期のカバー曲になって本当に嬉しい！！<br>ありがとうございます！！,429
J5Z7tIq7bco,UgxuWdK7z9FAZ-ONlNF4AaABAg,@といろ-i4w,2020-01-09T08:52:31Z,卒業式合唱の伴奏で弾くことになりました。<br>何度も聴いてがんばろうと思います💪💪,155
J5Z7tIq7bco,UgyKAsLl78H0mN9New54AaABAg,@よーきー,2021-09-04T04:22:40Z,文化祭で後輩の子が歌ってて、ものすごく緊張していたようで途中でやめそうになってたけど周りの声援で最後まで歌い切っていて、かっこよかった。<br>本人は怖くてトラウマかもしれないけど来年も出て欲しいと願っています,569
J5Z7tIq7bco,UgxH_YNeHKZ0S-N6AT54AaABAg,@1309-y2h,2025-07-27T03:50:46Z,J-POP史に残る名曲の一つですよね。<br><br>この曲の歌詞は特徴的ですよね。<br>ある一つのシチュエーションではなく<br>恋人、親子、友人、<br>あらゆる大切な人との別れ、送別、<br>のあらゆるパターンに当てはめられる。<br><br>じわじわと別れの時が近づく実感と、<br>別れの瞬間の感情の爆発が見事に描ききられてる。<br><br>20年経った今でも色褪せない。<br>これからもずっと歌い継がれる名曲ですね。,20
J5Z7tIq7bco,UgxTuZ5NQeFUuTW-_Qh4AaABAg,@KenKen31504,2020-09-24T09:27:16Z,失恋した時に思わず聞いちゃうよな……なんか……こう……思い出を掘り返す時とかに……口に言い表せない感情の時とかにさ,45
J5Z7tIq7bco,UgziGihFn12xBU_T39d4AaABAg,@Rakal-h8q,2024-11-11T13:41:21Z,私の名前はこの曲からつけてもらったので感謝しかないです！ありがとうございます,69
J5Z7tIq7bco,UgwW2J23XhGIswoEjxl4AaABAg,@そまそ-s8d,2019-04-02T04:07:39Z,1億再生突破おめでとうございます！！これからも応援してます！,515
J5Z7tIq7bco,UgwuXhy58Suou-mJukx4AaABAg,@ぱや-b1p,2025-05-25T14:30:46Z,「君が僕の前に現れた日から何もかもが違く見えたんだ」。母は初の子供である私を産んだ時にこのフレーズが凄く胸にきたと言っていました。小さい頃は何となくこの曲を聞いていましたが、大人になった今は歌詞の深さが分かるようになりました。って言ってもまだ大人の世界に入ったばかりです(笑)<br>そんな私の名前には「奏」という文字が入っています。由来はこの曲のタイトルからです。,11
J5Z7tIq7bco,Ugx0hV3C-rtGOA24tMR4AaABAg,@njg-xx-03010,2022-03-11T14:23:38Z,最近の曲って前奏なかったり<br>短かったりするけど、<br>前奏ってめっちゃいいよね<br>スキマスイッチは特に良い<br>奏もそうだしボクノートもそう,168
J5Z7tIq7bco,Ugx1yubgQ9fedJTicL54AaABAg,@Kaeto21,2019-04-02T04:28:28Z,無事に1億超えて泣きました(笑),51
J5Z7tIq7bco,Ugxs-0Y0eqGs56R6PZd4AaABAg,@あしろぼんたん,2019-08-31T12:37:04Z,僕は中学生なんですが近い日にこの曲が僕にすごくフィットしてしまい、すごく沢山聞いています。日本の人々はこの曲を今も気いるんですか？,54
J5Z7tIq7bco,UgxJqOA8DqvAlUcRI1h4AaABAg,@user-bc1ec4lw6g,2025-01-05T12:49:20Z,亡き夫が好きだった曲です。<br>一緒に飲みに行くと、かならずこの歌を入れて<br>「歌って」と私に振って、じっと聞いてくれました<br>上手いわけでもない、緊張して硬い私の歌声をどんな気持ちで聞いていたのかわかりませんが、大真面目に歌って、大真面目にきいているおかしな二人でした。<br>いつかまた、泣かずに最後まで歌えるようになったら、友達か甥や姪につきあってもらってカラオケに行きたいと思います。,27
J5Z7tIq7bco,Ugz1qkB74y_RcUxAK9F4AaABAg,@Angel-pg5jj,2021-05-02T07:59:57Z,日本の歌はメロディーだけではなく、歌詞も素晴らしいです。,409
J5Z7tIq7bco,UgyKGlgdzQ3v_witkGN4AaABAg,@user-du4qc2nh7o,2023-04-12T04:51:55Z,僕のお母さんがこの曲が好き過ぎて僕の名前が奏人(かなで)になりました。ちなみに今年で１２歳になりました。お母さんには本当に感謝しています。これから弁護士になるように頑張っていきたいです。,121
J5Z7tIq7bco,UgzIf092IJTjH8XSYXt4AaABAg,@puu2188,2019-04-23T09:46:51Z,お母さんが昔カラオケ行くたび歌ってて初めて自分もカラオケで歌ったら改めていい歌だなって実感した。,42
J5Z7tIq7bco,UgzPXzrzCIBOwddpjtZ4AaABAg,@lenho3909,2025-06-13T15:35:05Z,もう16年前なんだ。色褪せない名曲だね。,10
J5Z7tIq7bco,Ugzpe-Y4gD7Ze-admy94AaABAg,@山田なでし子,2019-04-02T03:31:42Z,2004年の曲が一億は強すぎる<br>これはガチの名曲ですわ,176
J5Z7tIq7bco,Ugz2c-7eLfsEpt_HTb94AaABAg,@atskn5878,2022-05-08T00:03:58Z,両親は死んでないし、重い病気を患ってないし、恋人もいないし、特にこの世に生きづらさも感じてないけど、この曲は好き,160
J5Z7tIq7bco,UgwLPm5956w60tOwYMV4AaABAg,@イツ子中山,2023-11-07T06:16:02Z,75才のおばあです、奏で大好きです、歳しに関係無い、素敵な歌ワ皆さん一緒ですね。,884
J5Z7tIq7bco,Ugwh6tNuan3OrfXG2Z54AaABAg,@人間アナログ,2025-05-05T09:24:31Z,この位の時代って良い曲多いね。,21
J5Z7tIq7bco,UgyxCmr900KZOwa0q8d4AaABAg,@ぎうさ-w4o,2018-03-08T12:33:14Z,聞くだけで泣ける日本の神曲やろ。,61
J5Z7tIq7bco,UgyQR3psE3ILpEx6rNZ4AaABAg,@maayahinawaka27,2023-10-21T02:07:41Z,モニタリング見て来ました。<br>生歌聞けたら私もきっと泣いてしまうなと思いました。<br>本当に色褪せない曲です。,69
J5Z7tIq7bco,UgzaykhBS-q5YqWH1Pd4AaABAg,@user-vh7of8nc3c,2020-01-22T07:09:29Z,癌で亡くなった先生がこの歌、大好きでした。この歌を聞くと先生のことを思い出します。<br>とてもいい先生でした、先生のおかげで人生が変わりました。<br><br><br><br>ありがとう、先生,236
J5Z7tIq7bco,UgzZ2nBsXb7GR83ju4B4AaABAg,@かなかん-k5j,2025-08-14T15:33:25Z,トークハンサムの番宣から、本家聴きたくなってきました！！,6
J5Z7tIq7bco,Ugx-iArNXXaHL09UOfh4AaABAg,@Sマサキ,2018-06-11T08:31:21Z,大好きな人と別れて…「奏」を聞いた時に泣けてきた。<br>「きみが輝きをくれたんだ」<br>本当に思った。<br>別れた大好きな人に幸せになって欲しいと思いました。,37
J5Z7tIq7bco,UgzxKhA5mT6etasMiOV4AaABAg,@yuushounajinsei,2019-12-03T04:11:09Z,この世に素敵な歌を残してくれてありがとう,322
J5Z7tIq7bco,UgjBCTApQkb-bXgCoAEC,@極東クラクラ秘密結社,2016-03-11T15:08:48Z,いい歌はいつまでたっても飽きないな。,720
J5Z7tIq7bco,UgzeAdy54Fi-Y44OFZB4AaABAg,@もふもふ-q8,2025-08-14T01:01:35Z,2億再生おめでとう,8
J5Z7tIq7bco,UgwgxOTFFzz5dJsiQ_t4AaABAg,@びんちゃん-f4k,2023-10-19T11:55:38Z,スキマスイッチの歌は自然と泣けるんです。情景や自分の思い出や、そして卓弥さんの声で💙<br>ずっと大好きです✨モニタリングありがとう‼️,80
J5Z7tIq7bco,Ugye9sNoT6sr05c-pcF4AaABAg,@カルラテ,2020-02-08T11:37:45Z,大ヒットして大ブーム起きて<br>売れるよりゆっくりでも<br>愛され続けるって<br>良いよね！,58
IvDTkTKi5pA,Ugwutp-b7y1Se6oAxX14AaABAg,@AKTIO0115,2024-01-15T00:59:03Z,２番も「置いてかれんだ」かと思いきや「老いて枯れんだ」<br>「孤独」と「論理→ロンリー」をかけて２番の「オンリー」と韻踏み<br>天才としか言いようがない,176
IvDTkTKi5pA,Ugx1Y2UEcGBG0R7wXIZ4AaABAg,@放浪っく,2020-09-26T16:20:18Z,「置いてかれんだ」と「老いて枯れんだ」の言葉遊び的なものが好き,7919
IvDTkTKi5pA,UgyO0GtTjTIlPw41OZh4AaABAg,@fev-px2jn,2023-11-29T01:11:09Z,本当この曲にどれだけ救われたか…<br>不登校から学校に行く日の1日目にギリギリまでWALKMANで耳おかしくなるくらい大きい音で聴いて、歌詞言い聞かせて、毎日繰り返して頑張ったなーって,723
IvDTkTKi5pA,UgxdIcck827rmXdDIvF4AaABAg,@あいぬ-b4m,2025-09-13T00:25:18Z,積立NISAを初めて3年、全力で走ってきました。<br>解約するのに躊躇していましたがふとこの曲を思い出して勇気をもらえました。<br>怯えてたら何も生まれない。<br>まさにあの時の私です。<br>曲の力って偉大だと改めて感じました。,13
IvDTkTKi5pA,Ugxqid30ghf-RZpKsWt4AaABAg,@上河愛,2019-10-12T16:26:30Z,なんでかいつの間にか知ってた曲だよね,7924
IvDTkTKi5pA,UgxS8YiJYEd0pkHNueh4AaABAg,@はな8,2022-08-28T00:46:17Z,60歳にして転職。なかなか覚えられるず凹み、この歌で頑張らないとって。私にも若い頃あったんだと。ありがとう😊,1032
IvDTkTKi5pA,UgxqlachPZOepICuSYJ4AaABAg,@macpro8275,2023-05-09T08:58:08Z,老いて枯れんだ<br>置いてかれんだ<br>天才すぎる,315
IvDTkTKi5pA,Ugwu3_i5ybvjuujwn9V4AaABAg,@13-qm9sl,2023-12-13T22:12:01Z,大橋くんが痩せてる！笑<br>この歌大好き無限に聴ける,67
IvDTkTKi5pA,UgwjSIf9UhjAHQ139nZ4AaABAg,@佐伯愛-p5x,2018-05-22T23:33:49Z,流行ってた当時はなんのためらいもなく「あの頃の僕らはきっと全力で少年だった」の年齢で、楽しい歌だと思ってたけど、働きだしてから身につまされるものがありすぎる。こんな歌詞だっけ……大人にならなきゃわかんないな,695
IvDTkTKi5pA,Ugz7v6hSpowXOYsdBgV4AaABAg,@Kira-tx2jz,2022-12-31T00:26:18Z,孤独論理のとこ「孤独」と「lonely 」をかけてるのカッコよすぎ,828
IvDTkTKi5pA,UgyuQ9tX0RYucYQHKJ54AaABAg,@raeymond5552,2023-03-29T18:00:05Z,「澄み渡っていく」の部分入れたの天才だと思う,246
IvDTkTKi5pA,Ugw3hnFWaIBt_a7KIvF4AaABAg,@333mbko5,2025-09-18T14:40:53Z,中学の頃に友人関係や部活の悩みがあった時にこの曲を聞いて乗り越え、高校の時にやりたい事がなかなか見つからなかったけどこの曲を聞いて自分なりの答えを見つけ、社会人になってから仕事や人間関係で悩んだ時もこの曲を聞きながら突っ走る事が出来て、出産した当日もこの曲を聞いて覚悟を決め、育児中の今は子供とこの曲を聞きながら一緒に歌っています。<br>スキマスイッチ、ありがとう。,2
IvDTkTKi5pA,Ugzb0QAEXR9gRcypJlJ4AaABAg,@メメタァK11,2022-09-23T01:23:15Z,この間久々に集まった友人たちとカラオケの〆にみんなで大声で歌った<br>青春を共に過ごした仲間たちと歌う全力少年は感動がある,1538
IvDTkTKi5pA,Ugz85CINy2AMIcEDVlh4AaABAg,@とゅーゆ,2021-11-11T10:11:19Z,どこにも歌詞がなかったのでここに置いときます。ご自由にお使いください。<br><br>躓いて、転んでたら置いてかれんだ<br>泥水の中を今日もよろめきながら進む<br><br>汚れちまった僕のセカイ 浮いた話など無い<br>染み付いた孤独論理、拭えなくなっている<br><br>試されてまでもここにいることを決めたのに<br>呪文のように「仕方ない」とつぶやいていた<br><br>積み上げたものぶっ壊して 身に着けたもの取っ払って<br>止め処ない血と汗で乾いた脳を潤せ<br>あの頃の僕らはきっと全力で少年だった<br><br>セカイを開くのは誰だ?<br><br>遊ぶこと忘れてたら老いて枯れんだ<br>ここんとこは仕事オンリー 笑えなくなっている<br><br>ガラクタの中に輝いてた物がいっぱいあったろう?<br>「大切なもの」全て埋もれてしまう前に<br><br>さえぎるものはぶっ飛ばして まとわりつくものかわして<br>止め処ない血と涙で渇いた心臓潤せ<br>あの頃の僕らはきっと全力で少年だった<br><br>怯えてたら何も生まれない<br><br>澱んだ景色に答えを見つけ出すのはもう止めだ!<br>濁った水も新しい希望(ひかり)ですぐに透み渡っていく<br><br>積み上げたものぶっ壊して 身に着けたもの取っ払って<br>幾重に重なり合う描いた夢への放物線<br>紛れもなく僕らずっと全力で少年なんだ<br><br>セカイを開くのは僕だ<br><br>視界はもう澄み切ってる<br><br><br><br>追記:少しでも皆様のお役に立てればと思い歌詞を置かせて頂いたのですが予想以上の方々のお役に立てていれるとわかり大変嬉しいです。<br>コメント欄も皆さん暖かくコメントを頂く度、｢こちらそこ沢山のコメントの中からこのコメントを見つけ、活用して下さりありがとうございます｣という気持ちでいっぱいになります。<br>それと同時に13年前もの曲にも関わらず今でも沢山の方に愛され、聞かれ続けているこの曲の凄さを改めて再確認致しました。<br>これからもこのコメントで沢山の方のお役に立てれば嬉しい限りです。,9253
IvDTkTKi5pA,Ugzo73qGcYepsBeArcV4AaABAg,@クリームアイス-t3s,2020-01-05T09:26:06Z,まだ1億再生いってないのが不思議でたまらない。<br>1億いってもおかしくない曲だと思う。,1668
IvDTkTKi5pA,UgzzEBWM1SWT6NsFq194AaABAg,@conveniencestore_midori,2025-04-21T10:10:19Z,全力少年が発表されて20年なので、改めて聞いてみましたが、この頃のパワフル感はこれはこれで良いし、今の貫禄のあるスキマスイッチもこれはこれで良い。<br>スキマスイッチに出会えて本当に人生が変わりました,36
IvDTkTKi5pA,UgzGRrsgr6_LKl9_dr94AaABAg,@イカれたオウム,2020-08-03T17:57:37Z,保育園〜中学生まで車に乗る度に親に聴かせてくれって懇願するほど大好きだった。<br>高校生になってからもこれを聴きながら憂鬱な平日を頑張って乗りきってた。<br>そして今、もう一度この暗い世の中でやる気を出すために聴いてる。<br>この曲のお陰で今があると言っても過言じゃない<br>それ程の名曲,541
IvDTkTKi5pA,UgzzC-FJ3iaWDFFT4OZ4AaABAg,@あやあや-u6t,2018-02-18T13:05:44Z,置いてかれんだ  と、<br>老いて枯れんだ<br>掛けてるところ大好き,847
IvDTkTKi5pA,Ugx7lW787ocL5MtAQ2d4AaABAg,@busphycho5283,2022-09-23T13:25:32Z,アラフィフだけど、もう一回やってやろうか…って思わせてくれる歌詞の力は今も変わらずで。<br>何回も聞けます,408
IvDTkTKi5pA,UgxurnBfB_ZY_V-uslN4AaABAg,@bonboncat42,2025-08-12T18:29:35Z,もうすぐ一億回再生ですね～。<br>ロッキンで一度だけスキマスイッチをリアタイしましたが、若い人だけでなく、全員が、この曲で盛り上がってて一体感すごかったです。<br>みんなが知ってる曲を持ってるアーティストは強いんだなぁと。,7
IvDTkTKi5pA,UgyOULCBCtCt_-pPxo14AaABAg,@どら-h7r,2023-03-13T11:56:55Z,"<a href=""https://www.youtube.com/watch?v=IvDTkTKi5pA&amp;t=174"">2:54</a> この辺からラスサビに向かって段々と勢いがついていって、「澄み渡っていく」で最高潮に達してラスサビって流れが気持ち良すぎてマジで好き(語彙力0)",487
IvDTkTKi5pA,UgyI42H_kbtXKavbHT54AaABAg,@動画無し登録者本気で千,2019-04-12T12:47:48Z,これ中学校の体育祭のリレーの時に流れてて、全力で走ってる皆にすごい合っててめっちゃ好きになった,633
IvDTkTKi5pA,Ugyhjcqh-uqxvKsBKQ14AaABAg,@Potekameko,2019-12-22T06:01:13Z,映画『二分の一の魔法 』の予告から来たけど、改めてこの曲の良さを感じている。<br>歌詞とか曲調とか、、<br>最近こういうの聴かなかったな…,486
IvDTkTKi5pA,Ugz36XgCPYk_35_Cthp4AaABAg,@rinta8040,2024-04-13T14:41:33Z,永久に全力少年が好き,12
IvDTkTKi5pA,UgwaK_oWoeXv863hOo14AaABAg,@nayu_02,2023-05-11T15:13:21Z,親の影響で小学生の時から当たり前のように聞いていた曲が社会人になってから聞くと本当に違う曲なのがすごい。いい曲すぎる。,91
IvDTkTKi5pA,UgxTqAQXpJmYZcIBvkl4AaABAg,@tipe-c-usbc,2017-10-24T16:13:12Z,「あの頃の僕らはきっと全力で<br>                          少年だった」<br>で少し泣きそうになる,396
IvDTkTKi5pA,UgwfTrui8xH1GLaZ9XF4AaABAg,@ゲベエペレッチェ,2023-03-12T12:21:10Z,このイントロを聴くだけで心が躍り出す。<br>５５歳でも老いて枯れてたまるかってよ！<br>まだまだ全力で突っ走ってやるぜ！<br>なあ、同志達よ！,154
IvDTkTKi5pA,UgzsVZenUgGJ4SgpCFt4AaABAg,@ぼんやりラブカ,2025-09-22T14:05:28Z,積み上げたものをぶっ壊して<br>もう1億回になるのか…,4
IvDTkTKi5pA,Ugwmah-VR3LipHh97SF4AaABAg,@くるみ-e5l5z,2021-03-18T09:21:22Z,スキマスイッチってどの世代も共感できる曲<br>ばっかりだよね,766
IvDTkTKi5pA,UgwV9EzNsrq2s03N4kR4AaABAg,@romanesquedh5906,2023-02-11T15:35:22Z,「試されてまでもここにいることを決めたのに」がどの時代の自分にも刺さる,243
IvDTkTKi5pA,UgwfMYlplXmpUhPUBep4AaABAg,@kt6163,2020-06-05T14:22:02Z,当時、これ歌ってるのトータルテンボスだと思ってたし、変な歌詞だなって思ってだけど、大人になって仕事オンリーになった現在改めて聴くと、すごい心に染みる歌詞ですね。。。,4454
IvDTkTKi5pA,Ugy1Fmv2jjsoYSOqTy54AaABAg,@TbrahamRincoln,2025-09-20T13:05:03Z,全力少年は歌詞が良すぎる,2
IvDTkTKi5pA,UgyYCiY_VO29kI0SBEZ4AaABAg,@とも-d1u,2020-02-16T09:28:58Z,ディズニーに採用されるって凄い！<br>いい曲は目に止まるんだな！<br>これを機に未来花とかミスターカイト(これも最近CMで流れてる)とかパラボラヴァとか･･･挙げたらキリがないけど･･･色々色々みんな聴いて欲しいです！<br>スキマスイッチって、何回か聴いているうちにだんだん染み入ってハマってしまう曲が沢山あるから。,1393
IvDTkTKi5pA,Ugw55cE3Lbe3pu5FIm14AaABAg,@しろ-f5e,2022-06-19T09:49:38Z,勇気づけられる神曲,1078
IvDTkTKi5pA,UgjuLYer_MZ5HXgCoAEC,@俺のキャバ嬢あきたけじょう,2016-09-11T08:28:41Z,何回でも聞ける曲No.1,314
IvDTkTKi5pA,UgzUiuIKIp8ToV5ncPF4AaABAg,@necocco1125,2024-09-08T13:56:01Z,「置いてかれんだ」×2かと思ってたら、「老いて枯れんだ」だったの最近初めて知ってほんと最高に好きになった,26
IvDTkTKi5pA,UgxZCLFmguj-pkZWEb14AaABAg,@_akaba1029,2022-01-28T12:26:48Z,ダメだwwwどうしてもサビで破壊衝動が抑えられないww,380
IvDTkTKi5pA,UgyGOuJrtstuMX6M0U94AaABAg,@トホク,2018-11-24T11:01:56Z,やっぱりトータルテンボスの漫才はいつ見ても感慨深いなぁ……,327
IvDTkTKi5pA,UgzuGFftz3EuMKYUCDx4AaABAg,@しぇーる-h1i,2020-08-24T03:53:50Z,破壊衝動が溢れ出る全力少年を聞きすぎて歌詞が全てぶっ壊してに脳内変換される,983
IvDTkTKi5pA,Ugx6ZcB5TdlGH7ZzxZ94AaABAg,@desurinnpa7760,2025-09-14T05:38:11Z,宮崎jam nightで聴いてきました<br><br>オオトリでしたが、控えめに言って最高でした,5
IvDTkTKi5pA,Ugyws3A6FZuN3fZBEkF4AaABAg,@user3313Yu-mi,2023-09-14T22:25:46Z,ボーカルの人の笑顔爽やかで素敵,198
IvDTkTKi5pA,Ugxe2S8uzKeqCRXtt7N4AaABAg,@-Ka-xc4rs,2023-01-21T05:02:00Z,辛い時や悲しい時にこれを聞いてほしい、スキマスイッチさん達の無邪気な楽しさで心が晴れるから。,711
IvDTkTKi5pA,UgxP4NEfwnME29N3wOp4AaABAg,@ただのぬこ-y9b,2020-02-25T10:05:48Z,2分の1の魔法っていう映画の予告で流れていたから来た<br>でもこんなに昔の曲だと思わなかった<br><br>音楽に今も昔も関係ないんだね<br>好きだなぁこの曲,434
IvDTkTKi5pA,UgyZtmR2Qm4ZwniBg594AaABAg,@momomo_0130,2025-05-24T05:03:54Z,今年高校受験があってずっと不安しかないのに中々勉強のモチベなくて勉強せず1日が終わることが多くて、親に怒られる事がたまにありました。そんな中この曲聞いてモチベ上げつつ、最近では受験勉強頑張ってます！ほんとに大好きな曲です！🫶🏻🫶🏻全力少女になって必ず志望校に合格します！💪💪💪,38
IvDTkTKi5pA,UgyTBydbc8LVtM90IKF4AaABAg,@user-os4hq4eg1c,2021-08-24T11:49:27Z,中学の体育祭のクラスリレーの時必ずこの曲が流れてた。中3最後の体育祭、コロナで縮小されてしまったけれどこの曲が流れる中クラスリレーで1位を取れたことは一生の思い出。中学に戻りたい😢,250
IvDTkTKi5pA,Ugx2ZuNF0YF5zGxqk2J4AaABAg,@Syabu.ojisann,2020-04-20T08:11:46Z,これ聞きながら筋トレしてたら人生で1番デカイ屁が出た,19544
IvDTkTKi5pA,Ugy1E1RK-SL3PClq6nh4AaABAg,@かまぼこ佐々木-d6b,2019-05-09T10:42:01Z,今日落ち込んで初めてこの曲聞いたら涙が出てきた。この曲はすごい力あるわ。,356
IvDTkTKi5pA,Ugxc9uFliqxb6PcwKw94AaABAg,@teketekekoro4,2025-08-27T13:59:09Z,デビュー時からこの全力少年しかり、ずっとプロデューサー無しでスキマスイッチ2人だけでストリングスやブラス入れて作っているのはすごいよね！！,3
IvDTkTKi5pA,Ugx-KGM1RnqT4eN-kG94AaABAg,@yt_ztmy,2022-02-04T11:16:16Z,昔からある曲が今でもたくさんの人に聞かれてるのって普通にすごいよね,346
IvDTkTKi5pA,UgxtXZZ8O3uVs19FA954AaABAg,@AmiKoizumi,2023-09-17T14:20:48Z,自転車通学中に就労先に行くたび流れていると頑張れそうで楽しくなる。夏に聴きたくなる。スキマスイッチの全力少年が一番好きかも。,78
IvDTkTKi5pA,Ugw2BIbkPlFZkUmxF2x4AaABAg,@tadashiz1015,2022-10-01T08:10:23Z,音楽の教科書に掲載してほしい名曲,209
IvDTkTKi5pA,UgxZ3ttpRJgOJq2SvxZ4AaABAg,@チカラ-t9v,2025-06-09T13:07:54Z,確かに画質良くなってる！,21
IvDTkTKi5pA,UgyglrimtB4k1lWKWI54AaABAg,@YM-ov5uz,2020-12-22T05:21:16Z,全力少年すぎて学校の窓に向かって一直線に走ってそのままぶつかって何針か縫った人が同じ中学にいた<br>あの時代は楽しかったなあ,496
IvDTkTKi5pA,UgzMcPcpIFOISMhalEJ4AaABAg,@mana807,2021-07-03T00:50:04Z,"<a href=""https://www.youtube.com/watch?v=IvDTkTKi5pA&amp;t=202"">3:22</a> 放物線の｢ほ｣の言い方好きすぎる",56
IvDTkTKi5pA,Ugypt6CPyqEfss7PsUx4AaABAg,@ふーんえっちじゃん-n5d,2019-11-13T16:57:13Z,積み上げたものぶっ壊して<br>身に付けたものぶっ壊して<br>あの頃のものぶっ壊して<br>全力でものぶっ壊した,6259
IvDTkTKi5pA,UgzQmfjDQFh2OexpG2d4AaABAg,@mitsukabarito,2025-03-15T00:22:41Z,老いて枯れそうな63歳です<br>でも少年だった気持ちは忘れません,26
IvDTkTKi5pA,Ugz_hvnWE5GFHY2wIRh4AaABAg,@rasuku3862,2019-12-06T12:15:17Z,1番の置いてかれんだと2番の老いて枯れんだを地味にかけてんの好き,234
IvDTkTKi5pA,UgxkBwalEO6H_kzKgIp4AaABAg,@ぱなり,2020-05-07T07:10:42Z,久々に聞いたらやっぱり名曲で好き,193
IvDTkTKi5pA,UgzxrcP9zoIvM0LJOtp4AaABAg,@donatu214,2023-05-15T14:33:23Z,元気づけられて青春を思い出すような神曲,165
IvDTkTKi5pA,Ugwk4bewYreh2ZWO4K54AaABAg,@靖子河守,2025-08-17T00:07:19Z,初バイト<br><br>全力で仕事して<br>全力で私達を守り<br>支えてくれた店長<br><br>店長が全力少年,6
IvDTkTKi5pA,Ugx3gsZKY7KECBIvEx14AaABAg,@momokurimakimaritama,2022-07-29T02:04:35Z,どんだけしんどい時に助けられたことか<br>本当に良い曲だと心から思います。,151
IvDTkTKi5pA,UgyqZ5hDoMliK9nVVVp4AaABAg,@フール-k5k,2022-01-14T10:12:45Z,底抜けに明るい曲で楽しくなる！<br>映像も観てて楽しくなる！！,336
IvDTkTKi5pA,UgyhAHrXcFNlZ909j-x4AaABAg,@ELMOR..,2021-11-04T16:15:45Z,今の小学生ですら聞いたことある曲。<br>世代関係なし。本当にすごい。,44
IvDTkTKi5pA,UgytYaoAFWPLbKCb6Gx4AaABAg,@kimjjamppong2911,2025-08-29T02:19:48Z,何年振りに聞いたろう😢無性にこの曲聞きたくなってタイトル調べて今何回もリピートして聴いてる。あの頃の現実を変えたいと思って一生懸命だったときを思い出して。夢が叶ったらまた次の試練。この曲は私に震えたたせる勇気をくれる！曲の力ってすごいよな,6
IvDTkTKi5pA,Ugz4VvBl0WwtuKO8NLB4AaABAg,@霧白-g7i,2023-05-27T05:46:09Z,1番爽やかだし、歌詞一つ一つに元気をもらえる最高の曲です！！<br>「紛れもなく僕らずっと、全力で少年なんだ」って歌詞めっちゃ響きました…！,68
IvDTkTKi5pA,Ugze8PHhz3ASEz7msm14AaABAg,@peno9775,2021-08-06T00:13:16Z,親が車の中でずっと流してたから、当時の車の中の雰囲気とか匂いとかあの頃が蘇る。この先も思い出の曲です。,77
IvDTkTKi5pA,Ugxpx8tJ4-jW9ku3LF14AaABAg,@ウラやん-u7p,2020-03-20T00:41:34Z,「あの頃の僕らはきっと全力で少年だった」この歌詞で心に響くものがあった。コロナで卒業式は出来なかったけど、もう高校生だ。全力で青春を楽しみます！！,38
IvDTkTKi5pA,UgzFwSXLLsAxbyCVZeh4AaABAg,@指-g1v,2024-03-14T11:05:34Z,この曲が本当に心に響きました。パニック障害ぽいのに最近なって過呼吸や死の恐怖を感じて怖くなっていました。ですがこの曲を聞くと何故か涙が溢れて心が凄く軽くなります。違うアカウントですが何年前からこの曲を聞いてます。本当にいい歌をありがとうございます,6
IvDTkTKi5pA,UgwkF3_9VJv3x1nHfC14AaABAg,@ザ航空ロッテファンちゃんねる,2021-05-01T10:53:53Z,現在　大学生。これまでの人生は失敗することを怯えて、現実と向き合うことを拒んでた。でも、まだ社会人まで3年あるから、失敗に恐れず思い切って様々なことに全力で取り組んで挑戦して立派な社会人になりたい。,169
IvDTkTKi5pA,UgwFZN3yFBXzJbwix8R4AaABAg,@xxnextprossimoxx,2019-11-14T00:17:50Z,破壊衝動が溢れ出すスキマスイッチを聴いたら原曲も聴きたくなった。,618
IvDTkTKi5pA,UgzZx0zkY8jtIVqaduB4AaABAg,@ばいおか-p1x,2021-08-16T15:56:23Z,MV初めて見た。<br>１番の淀んだ歌詞でもボーカルの人は終始笑顔で、それすら肯定してくれているようでなんか落ち着く,95
IvDTkTKi5pA,UgwGw7WmCjTpjAitWMR4AaABAg,@kumanopu-sandaisuki0622,2025-04-08T11:54:47Z,２０２５年令和７年巳年にめっちゃくちゃ曲が聴きたくなりますね。<br>スキマスイッチさんが好きだぁーー！！,19
IvDTkTKi5pA,Ugyh7yKd02Q3bzFOl0l4AaABAg,@みれい-e4e,2021-09-01T01:20:45Z,この曲……高校受験のためにたくさん勉強してて唯一の休憩時間中にいつも聴いて頑張れる勇気をくれた曲だ。ありがとう😆💕✨この曲のおかげで受かって今、高校生活頑張ってます,319
IvDTkTKi5pA,Ugyuy2l_dyHsjzeum3F4AaABAg,@dreamsandhopesmoon,2021-02-27T12:40:45Z,最後「視界はもう澄み切ってる」で閉めるの凄く好き。,64
IvDTkTKi5pA,UgwOVXCajHG9ypdQH4F4AaABAg,@あけちゃん-h5f,2023-09-28T10:27:36Z,スキマスイッチの名曲ですねー<br>👏👏👍👍🎉🎉<br>最高にいい歌歌詞も最高😍🥰🫶,33
IvDTkTKi5pA,Ugx8q78j6I_B8U4xrod4AaABAg,@無能ぽむぬ,2025-01-03T10:13:10Z,「だった」ってのがもう巻き戻せないって感じがして切なくて儚いな...,34
IvDTkTKi5pA,Ugibk32e05SciHgCoAEC,@Wien_Isopod,2016-08-04T05:00:11Z,一生忘れない名曲,85
IvDTkTKi5pA,UgxHleEHdVSYzAoJ2cJ4AaABAg,@muya8218,2021-03-03T09:00:37Z,「とめどない血と汗で　乾いた喉を潤せ」ってなかなかすごい表現だな……。,35
IvDTkTKi5pA,UgxlOAj7iI20N_Q43st4AaABAg,@shun3420,2017-11-18T14:59:52Z,「怯えてたら何も生まれない」の歌詞が胸に刺さった,81
IvDTkTKi5pA,UgyFDULsBKVzZcgKZa94AaABAg,@なす-d9c,2025-06-09T12:25:53Z,小学生の頃沢山聴いていたな<br>すっかり大人になってしまって、この歌詞の意味が理解できるようになってしまった,7
IvDTkTKi5pA,Ugx0xagatooKxGqCfP94AaABAg,@ありあ-v1k,2019-04-28T10:31:31Z,こういう明るくて歌ってる人も楽しそうで聞いてて笑顔で幸せになる曲はこれからも受け継がれて欲しいと思う。辛い時に聞くとこちらも元気になる。,206
IvDTkTKi5pA,UgxpF3Lm0bnxA9S6g5Z4AaABAg,@Tamyork,2023-03-17T23:01:06Z,이 곡을 알게 된 후부터 지금까지 하루에 한번 이상 듣지 않은적이 없음 ㅋㅋ 질리지도 않는 갓곡임ㅋㅋ,32
IvDTkTKi5pA,UgzDmPwYx5iD6sJisah4AaABAg,@へそ-x5c,2021-03-21T12:01:43Z,これ聞くとどんな時も前向きになれる,37
IvDTkTKi5pA,UgyncuLDS6ar3ybT6mR4AaABAg,@ホゲータ新鋭隊,2024-03-24T16:08:52Z,自分途中で諦めることが多いんすよ。「頑張っても、もしなれなかったら努力は無駄になる」ってどうしても思ってしまって努力することが出来ないんですよ。でもこの曲を聴いてとにかくやってみるってのが大切だと分かりました。,2
IvDTkTKi5pA,UgzJhWm-O4_wTsaXT8t4AaABAg,@JackIngoff-o7k,2023-07-24T04:05:03Z,スキマスイッチの歌はいつもハッピーで良い気分転換になるよね。,40
IvDTkTKi5pA,UgxozR3zjqZWyy_GI_54AaABAg,@moisebeugre1857,2023-09-05T18:16:40Z,"That song never gets old, no matter the era it&#39;s still so emotionally powerfull.",64
IvDTkTKi5pA,UgxBgtCoQdF5q9LhkH14AaABAg,@mo3292,2019-12-10T06:08:40Z,全力少年と天体観測はほんとに神曲だと思う,428
IvDTkTKi5pA,UgyIaT06-47Wnn15pKx4AaABAg,@蓮eB,2024-02-18T02:12:02Z,柔道で挫折した時にこの曲聴いたらまた立ち上がれました,6
IvDTkTKi5pA,UgxZI8Bggdjniwkd2dV4AaABAg,@VanaSfr,2019-09-07T11:12:54Z,Pocari Sweat took me back to 2005🍃,617
IvDTkTKi5pA,Ugx1Xp0XkTJLomNb65t4AaABAg,@dantev790,2023-07-27T14:38:54Z,"this song is just breaming full of energy and these dudes just seem to have so much fun making it, my god i miss the old days",83
IvDTkTKi5pA,UggVLPzgACICP3gCoAEC,@茶碗蒸し-g3f,2016-05-20T13:17:46Z,俺、最後の歌詞の<br>[視界はもう澄みきってるー]めっちゃ好きww,201
IvDTkTKi5pA,UgwJlGn3FEGNxdIBzYl4AaABAg,@AbdigunaAluminium-k6p,2025-08-31T16:16:43Z,この曲は本当に最高だ,12
IvDTkTKi5pA,UgwozLDKT8uLnP4ouiB4AaABAg,@巨人浜星I,2023-05-16T02:02:00Z,気持ちで負けそうになる時や何かに押し込まれそうになる時に聴くととてもスッキリする,32
IvDTkTKi5pA,UgxQonTPgGBmyrDXnu14AaABAg,@肉まんピザまん-t3h,2020-08-24T11:46:35Z,2分の1の魔法観てきた！！<br>良かったです😭<br>この歌も最高でしたが、エンドロールでみんな帰って小2娘と私だけしか残ってませんでした。なので思いっきり唄いました😆,175
IvDTkTKi5pA,Ugxfx1Jgm0pLuRnqmGl4AaABAg,@薬師寺泰光,2020-11-18T12:29:22Z,全力で告白して<br>全力で振られて<br>全力で泣いて<br>全力で笑って<br>全力でラーメン食ったあの日を思い出しました,1544
IvDTkTKi5pA,Ugwb2OG2tecZNL5MZVF4AaABAg,@dediatunggal7922,2025-06-14T12:22:28Z,スキマスイッチさん、ありがとうございます。この曲は16年前の曲ですが、今でも聴いていて本当に美しいです。ビートもアップビートだし、歌詞も深くてカッコいい！,8
IvDTkTKi5pA,UgwQPAqXvzWOrDdEZ5V4AaABAg,@山田ゆうすけ-q7n,2019-03-16T11:32:24Z,老いて枯れんだ好きだわ,38
IvDTkTKi5pA,UgwGqp6eSu2il4QK2DN4AaABAg,@わっはっは-i1u,2020-04-24T15:47:47Z,楽しそうに歌ってるのが印象的でたまに観たくなる。ヴォーカルの人が少年みたいに無邪気でかわいい。,88
IvDTkTKi5pA,UgxQsY_ULb7nNwlhhfh4AaABAg,@腹筋すごい奴,2018-10-01T13:58:43Z,老いて枯れんだ<br><br><br><br><br><br><br><br>天才か？,977
IvDTkTKi5pA,UgxArOdAAQKk_cuMFfJ4AaABAg,@おとぴ,2025-06-10T07:43:14Z,転職の最終面接、いってくる。<br>私の生まれた平成にこの歌があってよかった。<br>ありがとう。,6
AeMRXJtg500,UgzFSKeB9Az505NycyJ4AaABAg,@90atkm43,2022-04-27T15:32:31Z,ドラえもん見て感動した長男が映画館で大泣き。それからよくこの曲を一緒に歌ったな。そんな息子も今年大学出て4月から社会人。離れて暮らすようになって会話も全然ないけど、今でも目を閉じてこの曲聴くと、おチビちゃんだった頃の息子の映像が鮮明に蘇る。自分にとって本当に宝物のような曲です。,596
AeMRXJtg500,UgwBM07WQeZjKWEfP1N4AaABAg,@いわしちゃん-u4c,2020-11-30T10:26:33Z,歌詞<br><br><br>耳を澄ますと微かに聞こえる雨の音<br>思いを綴ろうとここに座って言葉探している<br><br>考えて書いてつまずいて消したら元通り<br>12時間経って並べたもんは紙クズだった<br><br>君に伝えたくて 巧くはいかなくて<br>募り積もる感情は膨れてゆくだけ<br>吐き出すこともできずに<br><br>今僕の中にある言葉のカケラ<br>喉の奥、鋭く尖って突き刺さる<br>キレイじゃなくたって 少しずつだっていいんだ<br>この痛みをただ形にするんだ<br><br>何をしても続かない子供の頃の僕は<br>「これぞってモノ」って聞かれても答えに困っていた<br>そんな僕にでも与えられたものがあると言うんなら<br>迷い立ち止まった自分自身も信じていたいな<br><br>僕がいるこの場所は少し窮屈だけど<br>愛に満ちた表情でぬくもり溢れて<br>そして君の声がする<br><br>足元に投げ捨てたあがいた跡も<br>もがいている自分も全部僕だから<br>抱えている想いをひたすらに叫ぶんだ<br>その声の先に君がいるんだ<br><br>耳を澄ますと確かに聞こえる僕の音<br>空は泣き止んで雲が切れていく<br><br>今僕が紡いでいく言葉のカケラ<br>一つずつ折り重なって詩(うた)になる<br>キレイじゃなくたって 少しずつだっていいんだ<br>光が差し込む<br><br>この声が枯れるまで歌い続けて<br>君に降る悲しみなんか晴らせればいい<br>ありのままの僕を君に届けたいんだ<br>探していたものは、目の前にあった,2249
AeMRXJtg500,Ugxp9pr93grvQN-eELp4AaABAg,@ああ-q5r2b,2022-03-13T03:26:11Z,「ボクノート」歌詞<br>歌：スキマスイッチ<br>作詞：大橋卓弥<br>作曲：大橋卓弥<br>耳を澄ますと微かに聞こえる雨の音<br>思いを綴ろうとここに座って言葉探している<br><br>考えて書いてつまずいて消したら元通り<br>12時間経って並べたもんは紙クズだった<br><br>君に伝えたくて 巧くはいかなくて<br>募り積もる感情は膨れてゆくだけ<br>吐き出すこともできずに<br><br>今僕の中にある言葉のカケラ<br>喉の奥、鋭く尖って突き刺さる<br>キレイじゃなくたって 少しずつだっていいんだ<br>この痛みをただ形にするんだ<br><br>何をしても続かない子供の頃の僕は<br>「これぞってモノ」って聞かれても答えに困っていた<br>そんな僕にでも与えられたものがあると言うんなら<br>迷い立ち止まった自分自身も信じていたいな<br><br>僕がいるこの場所は少し窮屈だけど<br>愛に満ちた表情でぬくもり溢れて<br>そして君の声がする<br><br>足元に投げ捨てたあがいた跡も<br>もがいている自分も全部僕だから<br>抱えている想いをひたすらに叫ぶんだ<br>その声の先に君がいるんだ<br><br>耳を澄ますと確かに聞こえる僕の音<br>空は泣き止んで雲が切れていく<br><br>今僕が紡いでいく言葉のカケラ<br>一つずつ折り重なって詩(うた)になる<br>キレイじゃなくたって 少しずつだっていいんだ<br>光が差し込む<br><br>この声が枯れるまで歌い続けて<br>君に降る悲しみなんか晴らせればいい<br>ありのままの僕を君に届けたいんだ<br>探していたものは、目の前にあった,3019
AeMRXJtg500,Ugwfdwo3kooXXMS5ZVh4AaABAg,@福太郎-y2w,2023-12-18T14:24:14Z,当時深夜父が1人でコンポの前でボクノートを聴き入っていて<br>トイレで起きたボクに<br>ボクノートと僕の音が掛かってることを世紀の大発見みたいに自慢げに話してきたことを思い出して聞くたび震えてる<br><br>神曲です,207
AeMRXJtg500,UgjUXXDivipRaHgCoAEC,@oaoaaoao5358,2016-06-28T17:36:59Z,映画で日本までタケコプターで行くために飛び立つシーン。この歌がBGMでかかるんだけど、初めて見たとき小学生ながら謎の感情を覚えた。旅に出る高揚感というかなんというか。心だけはのび太たちと一緒に冒険に出ていたんだと思う。,1009
AeMRXJtg500,UgyGeME1am9Bj3HHvuZ4AaABAg,@チロ-m6u,2024-03-14T12:41:10Z,あの頃の夏にまた戻りたいと思う自分がいて、戻りたいほど好きな時間だって分かって良かったです。,43
AeMRXJtg500,Ugzr1WLFUpscn18qPgB4AaABAg,@ダイル-l2r,2023-09-12T11:42:25Z,いつ聞いても涙が自然と出てしまう。漫画でのび太が恐竜の卵を抱いて寝ているところが思い出されて更に涙でる。,54
AeMRXJtg500,UgxNVBgqNvp7d80tz794AaABAg,@ヌーパー,2024-04-04T10:06:11Z,ドラえもんの曲ってやっぱ子供だろうが大人だろうが本当に良い曲、バトルドームの映画では感動しました。,23
AeMRXJtg500,UggQDfRFmJCvjngCoAEC,@サトシ-x6e,2016-02-20T13:04:01Z,ドラえもんの主題歌は本当に名曲多いと思う,3396
AeMRXJtg500,Ugya6zNqJ3kLUMT05Od4AaABAg,@kcalbbb,2024-11-13T10:54:41Z,「ボクノート」はひみつ道具っぽい名前を意識したタイトルらしいけど「スキマスイッチ」もなかなかにひみつ道具。,282
AeMRXJtg500,UgzknVghPOPoIxEHRrZ4AaABAg,@bigwing2357,2023-09-05T13:22:09Z,社会人一年目<br>入社数ヶ月で統合失調症に<br>誰にも言えなくて、毎日泣いて辛くて死にたくて、こんなはずじゃなかったのにって<br><br>小学生の頃に聴いたこの歌<br>頑張ります<br>ありがとうございます<br>多分明日も生きます,201
AeMRXJtg500,UgxWQ5-My_dlN1AU-xJ4AaABAg,@みおちゃん-q3h,2022-10-16T07:39:00Z,この曲を高校卒業ぶりに聞いた。<br>血反吐を吐く思いで大学入試に向けて努力してときに支えてくれた私の中の名曲。<br>会社員になって上手く行かなくて帰って落ち込んでることが多くて苦悩する日々だが、苦境を乗り越えたあの時を思い出させてくれて俺もまだまだやれる頑張れるって励まされました。ありがとう。,98
AeMRXJtg500,UgyYia-pwirO3PZw3c54AaABAg,@フリーダムなペガサス,2020-01-29T16:22:07Z,個人的には史上最高の映画ドラえもん主題歌だと思ってるよ…<br>それくらい当時は衝撃的だった…<br>本当に素晴らしい曲っていうのはいつ聴いても色褪せないな…,650
AeMRXJtg500,Ugw9POQxjEcDnq528Cl4AaABAg,@こうき-u3v,2024-07-15T08:09:24Z,「僕の音」という歌詞を耳で聞くと、「ぼくのーと」→「ボクノート」と聞こえるから、<br><br>『耳を澄ますと確かに聞こえる僕の音』なのか。<br>だとすれば、曲名の英訳を「MY NOTE」とせず、わざわざ「BOKU　NOOTO」としたのにも納得がいく。曲の名前が歌詞の中に一回も登場しないのはなんでだろうと思っていたら、ダブルミーニングでこんなにもおしゃれに「音」としてだけ登場していたなんて、、、,62
AeMRXJtg500,Ugyg5vq9GbGAdywIQBB4AaABAg,@やる気は前世-jitaku_keibichu,2024-04-09T15:12:30Z,今はもういない弟が大好きだった映画。<br>学校から帰ってきて一時期毎日のようにDVD再生してました。<br>当時はまたかよーって呆れてましたがそんな日々が二度と来ない今では懐かしい。<br>聴く度に涙が浮かびます、逢いたい。,58
AeMRXJtg500,UgxWNsV97fXeAN9Mg754AaABAg,@ミズゴロウ-i3y,2022-01-31T16:09:26Z,旧劇場版ドラえもんの数々の名曲は越えられないだろうなーって思ってたら新劇場版一発目から匹敵してきたまさに名曲。,240
AeMRXJtg500,UgwwgzHHlFeIFVpHVJh4AaABAg,@poyap6858,2022-09-07T16:11:03Z,スイミングの帰り、車の後部座席でうとうとほわほわしてた自分になれる曲。<br>あの眠気と安心感と夜景の綺麗さは今思うと贅沢だったなあ,73
AeMRXJtg500,Ugw1K_5V8k3HTXLTe8x4AaABAg,@PerroJapan,2018-11-15T21:58:59Z,｢今でも聞いてる？｣系のコメントはなんや…<br><br>いつでも聞きに来るわこんな名曲。,2394
AeMRXJtg500,UgxrUyE4HDpZBw4OP9R4AaABAg,@夜間飛行-p7i,2021-02-20T10:49:57Z,これな、生きるのに苦しくなったり辛くなった時に聴きに来るんだ。<br>素直になれずに頑なに閉じた涙腺の蛇口を、優しく捻ってくれるんだ、、、。,153
AeMRXJtg500,UgxJ9VClRJxWl-gFXu54AaABAg,@pilink7007,2023-02-21T13:58:42Z,今高2だけど、物心ついた頃からずっと車で流れてたこの曲がドラえもんの映画の曲ってことを知って震えが止まらない,16
AeMRXJtg500,UgwMKFGwuL22wDNcg9R4AaABAg,@コアラ-h3i,2020-10-23T16:57:56Z,何十年も鼻歌で歌ってたけどなんの曲か分からんくて、最近Spotifyのシャッフル再生で奇跡の再会をしました！長年鼻歌やったので歌詞は全く違うものになってました。だから聴きまくって正確な歌詞を覚えようと思います。もう離しません。,431
AeMRXJtg500,UgxUWAg29gxn6HdXM0V4AaABAg,@epl5169,2021-05-07T13:05:46Z,個人的にドラえもん映画史上1番の名曲,170
AeMRXJtg500,Ugx_9Ml2jx3i5GrzVmt4AaABAg,@eris.5782,2020-05-12T14:59:11Z,歌詞のなかに「頑張れ」という言葉はないけれど、自然と背中を押してくれる本当の応援歌。,1946
AeMRXJtg500,UgxJbmIvfjI761diIjh4AaABAg,@miki_mom,2024-09-15T10:09:37Z,障がいをもった子ども母親です、その子どもがこの曲が大好きです。会話ができませんが、カラオケで選びます。心の声だと思うと涙がとまりません。,240
AeMRXJtg500,UgwN8b_OYwe-zpDENAJ4AaABAg,@仮面ライダー電王-p9d,2020-04-10T02:51:04Z,「ピー助ぇぇぇ！！！僕も頑張るからねぇぇぇ！！！」この言葉にめっちゃ泣けた,1259
AeMRXJtg500,UgxGUaA-0Mcqjsr97Ih4AaABAg,@ディカプリオレオナルド-i6j,2021-11-09T07:29:03Z,この曲に出会えてよかったって心の底から思います。<br>当時映画館に行った時はまだ6歳だったけど、今では22歳。<br>歳を重ねるごとに響く歌詞だなと思います。,257
AeMRXJtg500,UgypptrslNI4p-JKUw14AaABAg,@先端yo,2024-03-30T15:30:26Z,リアタイ世代じゃないがこの曲、映画がめちゃくちゃ好き,15
AeMRXJtg500,UgzXz83XnvdIaWaCPS94AaABAg,@football_japann,2022-03-10T03:29:32Z,YUME日和とボクノートは<br>アニメと映画の主題歌両方含めドラえもん史上最高の神曲やと思う,90
AeMRXJtg500,UghsdG8Kgx2fbHgCoAEC,@岡涼-t9s,2016-10-25T02:16:04Z,ボクノート…本当ヤバイ<br>小さい時に聴いてから全然聴かなかったけど、今聴くと本当良い,317
AeMRXJtg500,UgxXcSHcQJmFZLJNwtJ4AaABAg,@Time_tlaverer,2022-12-31T00:54:29Z,大晦日に聞いたら号泣してしまった。<br>いつでも人の心を動かせるこの曲は10年、20年先も残ってほしい。,479
AeMRXJtg500,Ugw80olxljUn2zX9aex4AaABAg,@JuninNiki,2024-04-09T16:51:37Z,最高,34
AeMRXJtg500,UgzXK9x0UhBLo3zDrW94AaABAg,@羽瀬川-f4e,2023-08-11T00:40:12Z,"歌詞 自分用<br><br><a href=""https://www.youtube.com/watch?v=AeMRXJtg500&amp;t=68"">1:08</a><br>耳を澄ますと微かに聞こえる雨の音<br>思いを綴(つづ)ろうとここに座って言葉探している<br><br>考えて書いてつまずいて消したら元通り<br>12時間経って並べたもんは紙クズだった<br><br>君に伝えたくて 巧(うま)くはいかなくて<br>募り積もる感情は膨れてゆくだけ<br>吐き出すこともできずに<br><br>今僕の中にある言葉のカケラ<br>喉の奥、鋭く尖って突き刺さる<br>キレイじゃなくたって 少しずつだっていいんだ<br>この痛みをただ形にするんだ<br><br><a href=""https://www.youtube.com/watch?v=AeMRXJtg500&amp;t=150"">2:30</a><br>何をしても続かない子供の頃の僕は<br>「これぞってモノ」って聞かれても答えに困っていた<br>そんな僕にでも与えられたものがあると言うんなら<br>迷い立ち止まった自分自身も信じていたいな<br><br>僕がいるこの場所は少し窮屈だけど<br>愛に満ちた表情でぬくもり溢れて<br>そして君の声がする<br><br>足元に投げ捨てたあがいた跡も<br>もがいている自分も全部僕だから<br>抱えている想いをひたすらに叫ぶんだ<br>その声の先に君がいるんだ<br><br>耳を澄ますと確かに聞こえる僕の音<br>空は泣き止んで雲が切れていく<br><br>今僕が紡いでいく言葉のカケラ<br>一つずつ折り重なって詩(うた)になる<br>キレイじゃなくたって 少しずつだっていいんだ<br>光が差し込む<br><br>この声が枯れるまで歌い続けて<br>君に降る悲しみなんか晴らせればいい<br>ありのままの僕を君に届けたいんだ<br>探していたものは、目の前にあった",65
AeMRXJtg500,UgxqRnyg5PZ9-BQymtV4AaABAg,@DAISY-e9k,2023-01-10T14:47:37Z,小学校時代にのび太の恐竜2006をDVDで見て必死に涙をこらえようとしたのはいい思い出。辛いことがあってもこの曲を聴く度に元気をもらっています。,56
AeMRXJtg500,Ugg-tp_9BX1C8ngCoAEC,@xcogj7898,2016-12-10T08:05:58Z,軽度の発達障害もち。職場に馴染めず失敗ばっかりしてたけど今ではフォローして支えてくれる人たちがいるから頑張れてる,284
AeMRXJtg500,UgwS-Kn-JPYaNvrzE3Z4AaABAg,@頸城みずほ,2024-03-27T20:59:09Z,イントロで泣けるな...<br>めちゃくちゃ感動したよ<br>のび太の恐竜2006,7
AeMRXJtg500,Ugw1Kea7OJTZRdglarl4AaABAg,@momiji_starPoetry,2023-09-29T15:00:20Z,イジメられた時のこと思い出すわ<br>やめてほしくても言えない、先生はあまり動いてくれない<br>まさに喉の奥に突き刺さる感じ<br>今となったら初めてイジメ止めてくれた奴と友達になれたいい思い出かもしれないな,11
AeMRXJtg500,UgxWVEUuNDtzPhP-Jn94AaABAg,@sabotendana,2022-08-02T14:18:57Z,京ちゃんが紹介してくれたから、すごく久しぶり聴きに来ました。懐かしいー<br>ドラえもんの曲の中で1番好きだったなぁー,69
AeMRXJtg500,Ugwct9KKUxvGBSpu7QN4AaABAg,@kk-zd1he,2022-03-25T08:14:59Z,当時6歳で、幼稚園年長の頃初めて映画館で観たのがのび太の恐竜でした。映画始まる前にこの曲が映画館で流れていて、曲が良すぎて始まる前なのに友達と泣いたのを覚えています。大好きです。,29
AeMRXJtg500,UgzfFHdDPBEQO33uQWB4AaABAg,@えぅご,2025-09-22T22:31:20Z,今日の未明、中学から一緒に育ってきた大切なダックスが亡くなりました。<br>不意に頭に流れたのが、のび太とピー助の別れのシーンでした。<br>別れ方は違うけれど、のび太の気持ちが分かった気がしました。,1
AeMRXJtg500,UgyZciNoz_qufs--Eep4AaABAg,@ネパール留学生,2022-09-15T16:28:20Z,子供のころなんか良さげな歌だなと子供ながら思ってたけど、大人になって聞いてみると胸に刺さるものが<br>再び聞けてよかった,518
AeMRXJtg500,UgwP0iUDVzGSi27zbdN4AaABAg,@マナーモード-w6h,2025-02-07T20:44:59Z,「綺麗じゃなくたって少しずつだっていいんだ」で泣きそうになる,9
AeMRXJtg500,UgyAdonAFOG_DA8Bdpp4AaABAg,@KanekoJ_0212,2017-08-22T11:09:01Z,懐かしすぎ！！！w<br>これ幼稚園の頃好きで、車で流してもらったらお母さんが歌うから<br>｢歌わんでー！！｣って言っても何回も歌うから泣いたらお母さんに｢感動しとるとね！｣って笑われたの思い出す,81
AeMRXJtg500,Ugxr9YlnUJT7lU8DT4p4AaABAg,@TO_yuyuchan,2024-03-19T16:13:54Z,この曲、当時はピアノ楽譜がなくてどうしてもピアノ発表会でこれが弾きたかった私は先生にお願いして先生が耳コピで楽譜作ってくれたんだよね😂<br>簡単にしないでって言ったから激ムズだったけど、あの手作り楽譜は今でも持ってます。大切な曲です。,3
AeMRXJtg500,Ugw3XAusZkhh1asIuvV4AaABAg,@エルス多趣味な暇人,2019-04-05T12:46:03Z,親が写真関係の仕事してて、自分のスライドショー作ってくれた時のbgmに使われてて……これ聞くと自分が愛されてたんだなってホンとに分かる……。<br>今年は受験……愛してくれた親の為にも頑張りたいなと思いました！,53
AeMRXJtg500,UgjMIbjVlSCkgngCoAEC,@MrKamakiri007,2015-10-19T16:58:05Z,懐かしいなぁ　ボクノート<br>のび太の恐竜見に行った時この曲のせいで泣きそうになった,778
AeMRXJtg500,Ugy7f0JMe8zQvZEcZQp4AaABAg,@べるで-k8r,2019-10-24T14:11:51Z,ただでさえ感動する曲なのに、「僕」がのび太だと思って聴くと一層涙止まらなくなる,54
AeMRXJtg500,Ugxzx9ZZ037CY76885l4AaABAg,@Cvvvvvorchinchin,2025-07-06T16:56:03Z,これマジで泣いたんだけど。,12
AeMRXJtg500,UgxUpTRCAJveordNbx94AaABAg,@ふう-z5j,2020-04-24T10:24:32Z,辛い 会社 だから聴きに来た<br>またがんばるために,134
AeMRXJtg500,UgyBTVR2XeFf6zYL_X94AaABAg,@柊美玖,2020-06-27T04:54:54Z,1番のサビで転調したままの調で2番以降が続くのが好き,57
AeMRXJtg500,UgwAqd75ko5RA4ekgkd4AaABAg,@オフロスキーです,2018-08-20T01:38:26Z,これは名曲、間違いない,535
AeMRXJtg500,Ugyg1xUSXWvEAOifXbR4AaABAg,@おかかず-w9n,2024-02-04T07:04:28Z,この時期になると定期的に聴きたくなる。,15
AeMRXJtg500,Ugw_SBMwwxF9onClHRt4AaABAg,@っちむしょら,2020-03-14T15:16:28Z,ドラえもんとかをきっかけで知った人が多い中で、僕は最近NHKののど自慢をきっかけにこの曲を知りました。<br>良い歌に出会えて幸せです。,62
AeMRXJtg500,UgyBSdLDicV-vRli9m94AaABAg,@パイプライン-h5f,2021-02-02T10:12:40Z,あの別れの後にこの曲は感情深い人は本当に泣く,42
AeMRXJtg500,UggGe-TM7kefUngCoAEC,@ぱんぱす-r7h,2016-10-02T10:46:11Z,喉の奥、鋭く尖って突き刺さる<br>キレイじゃなくたって 少しずつだっていいんだ<br>ここ一番すき,357
AeMRXJtg500,Ugx2Uz495Ojm-Lg4LKp4AaABAg,@yos_8434,2025-07-15T18:06:26Z,"<a href=""https://www.youtube.com/watch?v=AeMRXJtg500&amp;t=255"">4:15</a> ここ好き…😂",10
AeMRXJtg500,UgzXaHjKK-tOl2YvwJR4AaABAg,@purpleburugaris5885,2019-06-11T10:58:25Z,大人になると<br>いろんなしがらみや自分の存在する意味について悩むことがある<br>でも全力少年やボクノート聴くと<br>子どもの頃のように<br>自分は自分でいいんだな、ってピュアな気持ちになれる,291
AeMRXJtg500,UgjeFzjSolT8K3gCoAEC,@ららららんど-o3n,2016-07-11T14:55:53Z,恐竜２００６とワンニャン時空伝はほんとに傑作,1004
AeMRXJtg500,Ugz1cPjYMb40aRutD-x4AaABAg,@勝目れれれ-i2h,2022-03-09T22:43:28Z,これこそ一億回再生されるべき。,179
AeMRXJtg500,UgifQRenSglXM3gCoAEC,@りょーでちゅ中トロを世界一食べ,2016-11-07T12:37:49Z,ドラえもんの映画の主題歌はいい歌ばっかりだな,205
AeMRXJtg500,UgyiIBCe_y2Ezq45LPF4AaABAg,@友情ピエール,2025-02-16T22:17:04Z,小学生の頃にドラえもんの映画を見て涙が出てジャイアンの男気に惚れてしまった。<br>大人になった今もジャイアンは憧れだ,26
AeMRXJtg500,Ugx-88u6TLdoPDGpdnh4AaABAg,@もりもりやまやま,2020-04-12T12:11:50Z,切ない。<br>好きな子の前で歌いたいという理由で全力で歌詞覚えてたな。<br>その子の前では歌うことさえできなかったけどな笑笑,50
AeMRXJtg500,Ugxbb0WvsqtQ2IXlT8p4AaABAg,@バムセロドリゲス,2024-02-05T15:56:38Z,18年前に映画が公開された時、家族で見に行ったしDVDも買って何度も見ていました。<br>ですが訳あって両親は離婚してしまい、私と兄は揃って母の元に着いて行くことになりました。<br>幼い頃に離婚するというのはよっぽどの理由があったんだったんだと思いますが、私にはその当時楽しかった思い出しかありません。<br>そんな私も今年で２０歳。この曲は、昔の楽しかった記憶や急に父が居なくなって悲しかった記憶と共に、ここまで育ててくれた母への感謝の気持ちを思い出させるマイベストワンの曲です。,3
AeMRXJtg500,Ugxlv-bej4N3oAOaCmV4AaABAg,@tadano_gorilla,2024-03-25T05:11:03Z,まだ聞いてる人だなんて言うな。<br>思い出した時に来てくれりゃそれでいいから,22
AeMRXJtg500,UgzfH2KlLmC_jmxJqKZ4AaABAg,@foliage515,2019-12-27T01:19:19Z,"髭男との対談でボクノートのマニアックな転調を語られていたので来ました<br>そして解析してみたら<br><a href=""https://www.youtube.com/watch?v=AeMRXJtg500&amp;t=68"">1:08</a>　Ａメロ<br><a href=""https://www.youtube.com/watch?v=AeMRXJtg500&amp;t=113"">1:53</a>　サビ前サウンドの中で転調してサビへ<br><a href=""https://www.youtube.com/watch?v=AeMRXJtg500&amp;t=149"">2:29</a>　転調したまま２番Ａメロ　（普通は転調前に戻すが戻さない所が鳥肌案件）<br><a href=""https://www.youtube.com/watch?v=AeMRXJtg500&amp;t=196"">3:16</a>  ２番サビ　１番のように転調するかと思いきやしない（ニクい）<br>そしてそのままフィニッシュへ<br>こういう捻った小技フェチなので良い案件でした♪",70
AeMRXJtg500,UgyhVVsoZz3sQPee66J4AaABAg,@みかんと申します,2021-05-29T01:11:57Z,"<a href=""https://www.youtube.com/watch?v=AeMRXJtg500&amp;t=275"">4:35</a>の光が差し込むからめっちゃ好きで何回も聞いてしまう",230
AeMRXJtg500,Ugxq3ZKRmkOVkmLPgbV4AaABAg,@pinnkunoakuma,2025-03-05T20:37:07Z,涙が止まらない<br>のび太やドラえもんと一緒に冒険した記憶が蘇る。,7
AeMRXJtg500,UgwlfcPHMNCP45LR7uN4AaABAg,@안종민-r4h,2018-08-26T15:31:40Z,こんにちは私は韓国人です!<br>日本語はほとんどできないから翻訳機で話すしかないですね。<br>こんな良い歌作ってくださってとてもありがとうございます<br>この歌を聞くとドラえもんを見ていた昔の思い出が浮び上がって一人でジンと来たりもしたりしますこの言葉を伝えたがったんです。翻訳がおかしくても理解してください。ありがとうございます、愛してます。!,433
AeMRXJtg500,Ugw8N8dUEiMgLPDgkeR4AaABAg,@らくになりたい,2022-08-02T14:14:35Z,推しのメールから来ました🙋‍♀️<br>いい曲‪‪☺︎‬,33
AeMRXJtg500,UgxITT-SvAQirppAtfl4AaABAg,@777ひろぽん,2025-03-28T15:39:22Z,悲しいです。<br>反省して、やり直し<br>またこの世界に戻って来て。あなたの曲は心に響きます。待ってます。,5
AeMRXJtg500,UgyoL5qMByOEm4xEaOB4AaABAg,@user-pl6el3ix6j,2022-09-21T15:29:32Z,カラオケでドラえもん好きの彼氏がこの曲を歌ってくれた後に、｢この間渡した手紙、こんな気持ちで書いた｣って伝えてくれて、もっと好きな曲になりました。,13
AeMRXJtg500,Ugx13bBYZompHCwq0W94AaABAg,@rinrin_kaomoji,2025-03-13T12:48:43Z,"<b><del>自分用</del></b><br><br><a href=""https://www.youtube.com/watch?v=AeMRXJtg500&amp;t=65"">1:05</a> <a href=""https://www.youtube.com/watch?v=AeMRXJtg500&amp;t=65"">1:05</a><br><a href=""https://www.youtube.com/watch?v=AeMRXJtg500&amp;t=65"">1:05</a> <a href=""https://www.youtube.com/watch?v=AeMRXJtg500&amp;t=65"">1:05</a><br>耳を澄ますと微かに聞こえる雨の音<br>思いを綴ろうとここに座って言葉探している<br>考えて書いてつまずいて消したら元通り<br>12時間経って並べたもんは紙クズだった<br><br><a href=""https://www.youtube.com/watch?v=AeMRXJtg500&amp;t=90"">1:30</a> <a href=""https://www.youtube.com/watch?v=AeMRXJtg500&amp;t=90"">1:30</a><br><a href=""https://www.youtube.com/watch?v=AeMRXJtg500&amp;t=90"">1:30</a> <a href=""https://www.youtube.com/watch?v=AeMRXJtg500&amp;t=90"">1:30</a><br>君に伝えたくて 巧くはいかなくて<br>募り積もる感情は膨れてゆくだけ<br>吐き出すこともできずに<br><br><br><a href=""https://www.youtube.com/watch?v=AeMRXJtg500&amp;t=112"">1:52</a> <a href=""https://www.youtube.com/watch?v=AeMRXJtg500&amp;t=112"">1:52</a><br><a href=""https://www.youtube.com/watch?v=AeMRXJtg500&amp;t=112"">1:52</a> <a href=""https://www.youtube.com/watch?v=AeMRXJtg500&amp;t=112"">1:52</a><br>今僕の中にある言葉のカケラ<br>喉の奥､鋭く尖って突き刺さる<br>キレイじゃなくたって 少しずつだっていいんだ<br>この痛みをただ形にするんだ<br><br><br><br><a href=""https://www.youtube.com/watch?v=AeMRXJtg500&amp;t=147"">2:27</a> <a href=""https://www.youtube.com/watch?v=AeMRXJtg500&amp;t=147"">2:27</a><br><a href=""https://www.youtube.com/watch?v=AeMRXJtg500&amp;t=147"">2:27</a> <a href=""https://www.youtube.com/watch?v=AeMRXJtg500&amp;t=147"">2:27</a><br>何をしても続かない子供の頃の僕は<br>｢これぞってモノ｣って聞かれても答えに困っていた<br>そんな僕にでも与えられたものがあると言うんなら<br>迷い立ち止まった自分自身も信じていたいな<br><br><a href=""https://www.youtube.com/watch?v=AeMRXJtg500&amp;t=172"">2:52</a> <a href=""https://www.youtube.com/watch?v=AeMRXJtg500&amp;t=172"">2:52</a><br><a href=""https://www.youtube.com/watch?v=AeMRXJtg500&amp;t=172"">2:52</a> <a href=""https://www.youtube.com/watch?v=AeMRXJtg500&amp;t=172"">2:52</a><br>僕がいるこの場所は少し窮屈だけど<br>愛に満ちた表情でぬくもり溢れて<br>そして君の声がする<br><br><br><a href=""https://www.youtube.com/watch?v=AeMRXJtg500&amp;t=194"">3:14</a> <a href=""https://www.youtube.com/watch?v=AeMRXJtg500&amp;t=194"">3:14</a><br><a href=""https://www.youtube.com/watch?v=AeMRXJtg500&amp;t=194"">3:14</a> <a href=""https://www.youtube.com/watch?v=AeMRXJtg500&amp;t=194"">3:14</a><br>足元に投げ捨てたあがいた跡も<br>もがいている自分も全部僕だから<br>抱えている想いをひたすらに叫ぶんだ<br>その声の先に君がいるんだ<br><br><br><br><a href=""https://www.youtube.com/watch?v=AeMRXJtg500&amp;t=242"">4:02</a> <a href=""https://www.youtube.com/watch?v=AeMRXJtg500&amp;t=242"">4:02</a><br><a href=""https://www.youtube.com/watch?v=AeMRXJtg500&amp;t=242"">4:02</a> <a href=""https://www.youtube.com/watch?v=AeMRXJtg500&amp;t=242"">4:02</a><br>耳を澄ますと確かに聞こえる僕の音<br>空は泣き止んで雲が切れていく<br><br><br><a href=""https://www.youtube.com/watch?v=AeMRXJtg500&amp;t=253"">4:13</a> <a href=""https://www.youtube.com/watch?v=AeMRXJtg500&amp;t=253"">4:13</a><br><a href=""https://www.youtube.com/watch?v=AeMRXJtg500&amp;t=253"">4:13</a> <a href=""https://www.youtube.com/watch?v=AeMRXJtg500&amp;t=253"">4:13</a><br>今僕が紡いでいく言葉のカケラ<br>一つずつ折り重なって詩(うた)になる<br>キレイじゃなくたって 少しずつだっていいんだ<br>光が差し込む<br>この声が枯れるまで歌い続けて<br>君に降る悲しみなんか晴らせればいい<br>ありのままの僕を君に届けたいんだ<br>探していたものは､目の前にあった",11
AeMRXJtg500,Ugx3sC8DiewZJMlTyUJ4AaABAg,@ワンワン-b8c,2019-04-29T09:34:46Z,令和の時代にもこの名曲が聞き継がれますように。,488
AeMRXJtg500,UgzY3fYInUaAxGg3LqF4AaABAg,@さんまのしおやき-v4p,2025-01-01T05:42:38Z,学校でいじめ、嫌がらせを受けていましたが、この曲を聞いて頑張っています。そんな僕ももうすぐ卒業です。この曲が無かったら僕はどうなっていたか、本当にありがとうございました。そしてこれからもよろしくお願いします！,8
AeMRXJtg500,UgyVd2NVSCR_CIfcpRd4AaABAg,@ky0channofan,2022-08-02T14:15:42Z,京介くんに教えてもらって聞きにきました💞<br><br>とても素敵な歌詞でハマりそうです❕本家も大好きな声ですがカバー聞けますように⭐️,35
AeMRXJtg500,Ugz4YaG9IoFfioUd1ct4AaABAg,@YoZuAo,2023-10-22T16:33:51Z,【歌詞】<br>耳を澄ますと微かに聞こえる雨の音<br>思いを綴ろうとここに座って言葉探している<br><br>考えて書いてつまずいて消したら元通り<br>12時間経って並べたもんは紙クズだった<br><br>君に伝えたくて 巧くはいかなくて<br>募り積もる感情は膨れてゆくだけ<br>吐き出すこともできずに<br><br>今僕の中にある言葉のカケラ<br>喉の奥、鋭く尖って突き刺さる<br>キレイじゃなくたって 少しずつだっていいんだ<br>この痛みをただ形にするんだ<br><br>何をしても続かない子供の頃の僕は<br>「これぞってモノ」って聞かれても答えに困っていた<br>そんな僕にでも与えられたものがあると言うんなら<br>迷い立ち止まった自分自身も信じていたいな<br><br>僕がいるこの場所は少し窮屈だけど<br>愛に満ちた表情でぬくもり溢れて<br>そして君の声がする<br><br>足元に投げ捨てたあがいた跡も<br>もがいている自分も全部僕だから<br>抱えている想いをひたすらに叫ぶんだ<br>その声の先に君がいるんだ<br><br>耳を澄ますと確かに聞こえる僕の音<br>空は泣き止んで雲が切れていく<br><br>今僕が紡いでいく言葉のカケラ<br>一つずつ折り重なって詩(うた)になる<br>キレイじゃなくたって 少しずつだっていいんだ<br>光が差し込む<br><br>この声が枯れるまで歌い続けて<br>君に降る悲しみなんか晴らせればいい<br>ありのままの僕を君に届けたいんだ<br>探していたものは、目の前にあった,41
AeMRXJtg500,UghbI3cDrMrVUngCoAEC,@daisakufutatsui6343,2015-03-23T03:00:39Z,僕の音をボクノートって表現した時点でもう成功だよね,3745
AeMRXJtg500,Ugx4EGqBLmBnLujluxx4AaABAg,@yellow.kingyo.channel,2025-03-06T01:25:17Z,5日の卒業式の後の卒業パーティーで先生に花束を渡す場面で音楽の演出でボクノートが使われました。学生最後の節目にこの曲が流れてきたのはすごい感動しました✨この曲はいろんな感動を増やしてくれる魔法のような曲です！この思い出は一生忘れません...！選曲者ありがとう..！,3
AeMRXJtg500,UgzyoPJdV4khfOjMWeR4AaABAg,@とあるしゃちょー数ノ子,2024-01-17T06:52:42Z,"ボクノート 歌詞<br>歌：スキマスイッチ<br><br>作詞：大橋卓弥<br><br>作曲：大橋卓弥<br><br>発売：2006-04-10 <br><br>耳を澄ますと微かに聞こえる雨の音<br>思いを綴ろうとここに座って言葉探している<br><br>考えて書いてつまずいて消したら元通り<br>12時間経って並べたもんは紙クズだった<br><br>君に伝えたくて 巧くはいかなくて<br>募り積もる感情は膨れてゆくだけ<br>吐き出すこともできずに<br><br>今僕の中にある言葉のカケラ<br>喉の奥、鋭く尖って突き刺さる<br>キレイじゃなくたって 少しずつだっていいんだ<br>この痛みをただ形にするんだ<br><br>何をしても続かない子供の頃の僕は<br>「これぞってモノ」って聞かれても答えに困っていた<br>そんな僕にでも与えられたものがあると言うんなら<br>迷い立ち止まった自分自身も信じていたいな<br><br>僕がいるこの場所は少し窮屈だけど<br>愛に満ちた表情でぬくもり溢れて<br>そして君の声がする<br><br>足元に投げ捨てたあがいた跡も<br>もがいている自分も全部僕だから<br>抱えている想いをひたすらに叫ぶんだ<br>その声の先に君がいるんだ<br><br>耳を澄ますと確かに聞こえる僕の音<br>空は泣き止んで雲が切れていく<br><br>今僕が紡いでいく言葉のカケラ<br>一つずつ折り重なって詩(うた)になる<br>キレイじゃなくたって 少しずつだっていいんだ<br>光が差し込む<br><br>この声が枯れるまで歌い続けて<br>君に降る悲しみなんか晴らせればいい<br>ありのままの僕を君に届けたいんだ<br>探していたものは、目の前にあった",9
AeMRXJtg500,UggssyBF-IHZWngCoAEC,@げんぞう-f7m,2015-11-20T15:19:03Z,君に降る悲しみなんか晴らせればいい　こんないい歌詞は初めて聞いた,202
AeMRXJtg500,Ugz9HfFKTaiY4W290nF4AaABAg,@日村の名は勇紀,2022-08-02T11:59:55Z,乃木坂スター誕生見て、昔カラオケでめっちゃ歌ってたの思い出して懐かしかった！,13
AeMRXJtg500,Ugwmzo39cTtotcniJCR4AaABAg,@NOKOOGIRI,2025-01-09T13:15:07Z,忘れてた、こんなに名曲なのにいい歌なのにわたしの頭は忘れてた、、,6
AeMRXJtg500,UgxThLachLbZ-aaU0VF4AaABAg,@末設定-t8t,2021-05-14T06:43:13Z,サビに向かってく盛り上がりが好きすぎる,617
AeMRXJtg500,UgyQgthhQfBnj-k_fsJ4AaABAg,@りくしい-r1e,2021-05-08T12:04:19Z,いやほんと、色褪せない曲だよなぁ、、。<br>マジ大好きです！,374
AeMRXJtg500,UgzBnqGxB8b18FLyp0d4AaABAg,@Zzzzzzzzzzztmy,2023-10-24T11:53:40Z,何度も聴いてるのに泣いてしまうのは<br>なんででしょうか。大好きです,26
AeMRXJtg500,Ugz_rTMZvuG6ayQVY3N4AaABAg,@磯野ひかる-k3g,2025-03-04T06:54:15Z,のび太の恐竜2006は何回見ても感動するな｡のび太くんがピー助とお別れするシーンを見ると涙が止まらなくなります。,5
AeMRXJtg500,Ughj_nIegMzy-XgCoAEC,@aroemame9196,2016-06-04T14:31:02Z,耳を澄ますと微かに聞こえる雨の音<br>思いを綴ろうとここに座って言葉探している<br><br>考えて書いてつまずいて消したら元通り<br>12時間経って並べたもんは紙クズだった<br><br>君に伝えたくて 巧くはいかなくて<br>募り積もる感情は膨れてゆくだけ<br>吐き出すこともできずに<br><br>今僕の中にある言葉のカケラ<br>喉の奥、鋭く尖って突き刺さる<br>キレイじゃなくたって 少しずつだっていいんだ<br>この痛みをただ形にするんだ<br><br>何をしても続かない子供の頃の僕は<br>「これぞってモノ」って聞かれても答えに困っていた<br>そんな僕にでも与えられたものがあると言うんなら<br>迷い立ち止まった自分自身も信じていたいな<br><br>僕がいるこの場所は少し窮屈だけど<br>愛に満ちた表情でぬくもり溢れて<br>そして君の声がする<br><br>足元に投げ捨てたあがいた跡も<br>もがいている自分も全部僕だから<br>抱えている想いをひたすらに叫ぶんだ<br>その声の先に君がいるんだ<br><br>耳を澄ますと確かに聞こえる僕の音<br>空は泣き止んで雲が切れていく<br><br>今僕が紡いでいく言葉のカケラ<br>一つずつ折り重なって詩(うた)になる<br>キレイじゃなくたって 少しずつだっていいんだ<br>光が差し込む<br><br>この声が枯れるまで歌い続けて<br>君に降る悲しみなんか晴らせればいい<br>ありのままの僕を君に届けたいんだ<br>探していたものは、目の前にあった,3416
AeMRXJtg500,UgyVyctkC6zgZVVTiEl4AaABAg,@見習いれい,2019-07-18T11:28:28Z,映画を見てた時、途中で涙が出そうになりながらも必死に耐えてたのに最後にこの曲聴いたら脳内に映画の映像がフラッシュバックみたいに甦ってきて号泣する事になった。,47
AeMRXJtg500,UgxXVTL0itVfLZaZGQ54AaABAg,@ewtusti1208,2018-11-21T16:41:56Z,ドラえもん２００６から12年たった今も本当に懐かしい<br>12年分の思い出を全部振り返っても1日2日程度で思い出せる程しか記憶に残ってない<br>だから長かったようで短かったように感じるんだろうか<br>今度アルバムでもみようかな？<br>また聞いて見て思い出して懐かしんで今を歩いての繰り返しなんだろうね,9
AeMRXJtg500,Ugx_bVm2j2at8oFBXFl4AaABAg,@ゆき-m3t1y,2024-08-01T04:49:18Z,最近、生き別れになった51歳の親父が<br>1ヶ月前に亡くなってた事が分かって<br>49日法要に線香あげに行ってきた。<br>どうしようもない感情で悲しくて苦しかった。この歌聴いてただ涙が溢れた。明日から親父の分も強く生きてみせるからね！,5
AeMRXJtg500,UgwQL_Ythj5p_ADx7014AaABAg,@user-es8uc1vr1u,2023-06-10T04:05:03Z,好きな人がこの曲を歌ってて歌詞にぐっとくるものがあって聴きにきました。涙が｡｡｡名曲ですね♪出会えてよかった！,12
AeMRXJtg500,UgwLUmAG7cxHmspdlJ54AaABAg,@ボブさん-s4e,2022-10-15T15:23:30Z,ライブ行った事ないけど、生で聴いたら絶対泣いちゃうんだろうな。,78
AeMRXJtg500,UgwSV6qbfpNyazmOUnx4AaABAg,@岡崎勉-p6l,2022-04-10T02:56:04Z,2006年からこれまでの新しいドラえもん映画の主題歌は時代も取り込んでくれて素晴らしいタイアップだと思う。<br>その先駆けとなったスキマスイッチのこの曲は色褪せず美しい。,58
AeMRXJtg500,Ugwg29q5p_Mz0R2VY-V4AaABAg,@Kanacha0814,2025-04-15T08:51:24Z,ピー助が「ピー」って言うたびに<br>字幕をイメージして<br>（青年の声）<br>って呟いてたな（笑）<br>この映画最高✨️<br>そして新恐竜の時にピー助がいたの熱い🔥,6
AeMRXJtg500,UgyVCTYQk-40lc4Guc54AaABAg,@user-iv8ls8yo7h,2025-02-08T09:17:20Z,ドラえもんの劇場版で聴いた記憶があるけども感慨深い歌詞,9
AeMRXJtg500,UgyvY2QMBaADxpcLMkp4AaABAg,@しょぼん-q6x,2020-08-17T18:08:24Z,もう恐竜2006から14年たつのかな？<br>時の流れはあっという間だねぇ,20
AeMRXJtg500,Ugw5FetdYhfsPyJRD054AaABAg,@user-np5yv5qj5q,2020-08-12T01:03:02Z,のび太を助けてくれてありがとう、、、,68
AeMRXJtg500,UgzmjfexXPNMi8DjTrh4AaABAg,@ピスタチオ-w5q,2021-11-26T04:52:59Z,両親と、いきなりの別れを今年経験しました。<br>今でも半信半疑ですが、この世にいないのは確実で…。目まぐるしく過ごす毎日の中、ふとこの曲を聴きました。<br><br>一緒に住んでた頃、そこには愛があって温もりに溢れてた事を、思い出して気付きました。<br>ありふれた日常でも、こんな時には思い出してしまって涙する。<br>ボクノートを聴いて、そんな日々を思い出して泣いてます。<br><br>自分の声が両親に届くなら、綺麗じゃない言葉だけど精一杯伝えたい。<br>たまに涙するけど、これからは明るく生きていくからゆっくり休んでね！,6
AeMRXJtg500,Ugy_l_ahjr-0_RX2wod4AaABAg,@えむさく,2021-11-02T01:58:15Z,声優が変わってから初めての映画、今でも新しい声優陣を受け入れられない方も少なからずいるとは思いますが、この時は本当に新しい声優さんへのあたりが強かった。<br>ドラえもんとのび太の声優さんは、特に新しい声が馴染めない、声の甲高さが合ってない、ドラえもんとのび太の声が似たような声で違うとか、色々あった。ジャイアンの声優さんも、この時は確かまだ十代半ばだった。<br>そんな声優さん達の成長が一番見れるのが、この映画で、この主題歌は物語の主人公であるのび太達の歌でもあり、長寿作品の後任として歩き出した新規声優陣への応援歌のような気がしていました。<br>今でも大好きな歌です。,9
AeMRXJtg500,Ugwxc9RokcFz_bJtv954AaABAg,@RRR-MMM-RRR,2021-12-12T07:31:55Z,もっと再生されるべき曲だと思う,736
AeMRXJtg500,UgzG_eP5BiOi26v8i0t4AaABAg,@MIRRORbfv,2023-01-25T15:12:34Z,初めて映画館で観た映画だったな…<br>歌詞が思い浮かばない状況を歌詞にするって素敵ですね,60
0iAF8TJAqp4,UgxE1EaZfdpH8ZjJu7V4AaABAg,@強烈王オワオワリ,2023-12-24T10:31:56Z,この曲がマージャンモチーフだと知って、錬金術の等価交換をマージャンで解釈するの天才すぎると思った,666
0iAF8TJAqp4,UgzjamxAFBVqLywjS514AaABAg,@みん-c2c,2024-03-03T00:40:49Z,クーデターのタイミングや<br>強力なホムンクルスの勢力との戦闘が多発した終盤に歌詞がピッタリだよね,48
0iAF8TJAqp4,Ugz7yT1YPUw6h39BCyh4AaABAg,@とあるしゃちょー数ノ子,2023-12-14T03:55:16Z,"ゴールデンタイムラバー 歌詞<br>歌：スキマスイッチ<br><br>作詞：スキマスイッチ<br><br>作曲：スキマスイッチ<br><br>発売：2009-10-14 <br><br>集中できてないな まだ体が迷っているんだ<br>震えていたんじゃ コントロールしたってブレるんだ<br><br>太陽も勝負運(ツキ)もなんも完全にこっち向いていないが<br>「やるしかないんだ!」言い聞かせるようにそうつぶやいた<br><br>状況は悪いが ただ逃げ出すんじゃ根性ないなぁ<br>展望はないが 度胸でクリアするしかないや<br><br>衝動は抑えたままターゲットとの間隔探れ<br>必要なもんは勝つプライド<br><br>味わうのは勝利の美酒か それとも敗北の苦汁か<br>そう すべては2つに1つ 操りたい運命の糸<br><br>絶好のゴールデンタイム この手で掴め<br>渾身のポーカーフェイス キメて仕掛けるよ<br>イリュージョンの世界へ引きずり込んで<br>際限無いプレッシャーゲーム スルリと抜けて<br>栄光のボーダーライン 飛び越えるために<br>ハウメニー? どれくらいの代償がいる?<br>手放したくないもんはどれ?<br><br>ロンよりショウコなんだ 要は結果を出したもんが勝者だ<br>沈黙は金だ 口が過ぎればバレるんだ<br><br>感覚を研ぎ澄まして慎重に流れを読み切れ<br>現状の勝率 何パーセント?<br><br>かち割るのは堅実なゲームセンス 潜む影法師は悪魔か<br>男ならば 潔く散ってやるくらいの覚悟で挑め<br><br>逆境のクラップユアハンズ 奮い立たせて<br>斬新なファイティングスタイル ギリギリを攻めろ<br>アテンション!危ないぜ 限界超えて<br>最高のフェアリーテイル 歴史に刻め<br>完勝の瞬間を見せつけるために<br>アーユーレディ? くぐもった迷いなど捨て<br>バベルの階段をあがれ<br><br>女神のように笑みを浮かべる 君の魅力に取りつかれて<br>誘われるまま堕ちていく<br>心に住みついた欲望 膨れ上がる果てなき夢<br>誰も僕を、止められない<br><br>絶好のゴールデンタイム この手で掴め<br>渾身のポーカーフェイス キメて仕掛けるよ<br>イリュージョンの世界へ引きずり込んで<br>際限無いプレッシャーゲーム スルリと抜けて<br>栄光のボーダーライン 飛び越えるために<br>ハウメニー? どれくらいの代償がいる?<br><br>逆境のクラップユアハンズ 奮い立たせて<br>斬新なファイティングスタイル ギリギリを攻めろ<br>アテンション!危ないぜ 限界超えて<br>最高のフェアリーテイル 歴史に刻め<br>驚愕の大逆転 華麗に決めるよ<br>ドゥユーノウ? 運命は奪い取るもの<br><br>バベルの頂上に差す太陽(ひ)の光を浴びろ",130
0iAF8TJAqp4,UgwPyMliujFOXbYolrx4AaABAg,@そめごろう-u5w,2023-10-29T15:51:50Z,応援歌だからかサビが三三七拍子で進むのがすき。,508
0iAF8TJAqp4,UgzMDzzBbjFTuziPOet4AaABAg,@KK25803,2024-03-22T12:30:12Z,スキマスイッチの曲で一番好き,106
0iAF8TJAqp4,UghOxjVJ7KTg5HgCoAEC,@nana2487,2017-02-11T23:37:13Z,ハガレンはほんといい曲多すぎ。<br>againとゴールデンタイムラバーはずっと聴いてた,2541
0iAF8TJAqp4,Ugxuud-XkMbjk4BjnwZ4AaABAg,@しすたろす,2023-09-03T09:06:34Z,「手放したくないもんはどれ？」って分かりきってるのに聞いてくる意地悪な歌詞の構成が天才,693
0iAF8TJAqp4,UgxthICVt9XUju252SN4AaABAg,@にこ-v5n4t,2024-03-30T01:16:56Z,アームストロング少将に惚れたのは私だけじゃないはず,38
0iAF8TJAqp4,Ugxultje4KSpZTVXl3h4AaABAg,@niseichannel,2022-02-23T02:59:46Z,作詞：スキマスイッチ   作曲：スキマスイッチ<br><br>集中できてないな まだ体が迷っているんだ<br>震えていたんじゃ コントロールしたってブレるんだ<br>太陽も勝負運(ツキ)もなんも完全にこっち向いていないが<br>「やるしかないんだ！」言い聞かせるようにそうつぶやいた<br><br>状況は悪いが ただ逃げ出すんじゃ根性ないなぁ<br>展望はないが 度胸でクリアするしかないや<br>衝動は抑えたままターゲットとの間隔探れ<br>必要なもんは勝つプライド<br><br>味わうのは勝利の美酒か それとも敗北の苦汁か<br>そう すべては2つに1つ 操りたい運命の糸<br><br>絶好のゴールデンタイム この手で掴め<br>渾身のポーカーフェイス キメて仕掛けるよ<br>イリュージョンの世界へ引きずり込んで<br>際限無いプレッシャーゲーム スルリと抜けて<br>栄光のボーダーライン 飛び越えるために<br>ハウメニー？ どれくらいの代償がいる？<br>手放したくないもんはどれ？<br><br>ロンよりショウコなんだ 要は結果を出したもんが勝者だ<br>沈黙は金だ 口が過ぎればバレるんだ<br>感覚を研ぎ澄まして慎重に流れを読み切れ<br>現状の勝率 何パーセント？<br><br>かち割るのは堅実なゲームセンス 潜む影法師は悪魔か<br>男ならば 潔く散ってやるくらいの覚悟で挑め<br><br>逆境のクラップユアハンズ 奮い立たせて<br>斬新なファイティングスタイル ギリギリを攻めろ<br>アテンション！危ないぜ 限界超えて<br>最高のフェアリーテイル 歴史に刻め<br>完勝の瞬間を見せつけるために<br>アーユーレディ？ くぐもった迷いなど捨て<br>バベルの階段をあがれ<br><br>女神のように笑みを浮かべる 君の魅力に取りつかれて<br>誘われるまま堕ちていく<br>心に住みついた欲望 膨れ上がる果てなき夢<br>誰も僕を、止められない<br><br>絶好のゴールデンタイム この手で掴め<br>渾身のポーカーフェイス キメて仕掛けるよ<br>イリュージョンの世界へ引きずり込んで<br>際限無いプレッシャーゲーム スルリと抜けて<br>栄光のボーダーライン 飛び越えるために<br>ハウメニー？ どれくらいの代償がいる？<br><br>逆境のクラップユアハンズ 奮い立たせて<br>斬新なファイティングスタイル ギリギリを攻めろ<br>アテンション！危ないぜ 限界超えて<br>最高のフェアリーテイル 歴史に刻め<br>驚愕の大逆転 華麗に決めるよ<br>ドゥユーノウ？ 運命は奪い取るもの<br><br>バベルの頂上に差す太陽(ひ)の光を浴びろ,2959
0iAF8TJAqp4,Ugwn0w3yLM7pXrBrlsh4AaABAg,@nanchuerosada,2017-08-19T07:28:28Z,太陽もツキ(＝勝負運)ってところが最高にかっこいい,1473
0iAF8TJAqp4,UgzJX6CYSD79Lua2E_l4AaABAg,@thornferro3555,2024-02-23T02:33:22Z,某サブスクで今更ハガレン見ましたマジでこの曲好き過ぎる,120
0iAF8TJAqp4,UgyZ3_2CoAlYmB8_lCR4AaABAg,@rhynoh.44,2017-08-22T16:43:55Z,チェスが出てくる貴重なMV…！<br>しかもルークサクリファイスからのダブルビショップで追い詰め、ラストにクイーンでのチェックメイト。チェスファンならニヤリとさせられますね。,727
0iAF8TJAqp4,UgyAlZKutk0JLia1BeN4AaABAg,@fightchin,2013-10-11T14:30:27Z,"味わうのは勝利の美酒か
それとも敗北の苦汁か

ここいいね",3081
0iAF8TJAqp4,UgxeuE3m1lhSFbhDhAZ4AaABAg,@雄紀人新田,2024-01-21T17:28:18Z,実は名曲のアニソン作る天才アーティストなのかも。,19
0iAF8TJAqp4,UgwVvlhXVHogktS6TqR4AaABAg,@みおらる,2017-08-24T15:30:38Z,ちょっと解釈は違うかもしれないけど、『やるしかないんだ』とか『運命は奪い取るもの』とかストレートな歌詞が好きで、受験本番の朝、家を出る直前に聞いて勇気をもらった。おかげで合格できました。本当にありがとう。,1863
0iAF8TJAqp4,Ugi7EKk6tQjRingCoAEC,@極東クラクラ秘密結社,2016-10-05T12:15:51Z,スキマスイッチって天才やと思う,1666
0iAF8TJAqp4,UgzOcU5FZw7bxODEVCp4AaABAg,@朧-h6k,2024-08-15T19:32:28Z,バベルの塔っていう表現は無謀な計画って意味で使われるけど、バベルの階段を登れっていうのはそんな計画でも実現させていけって意味なのかな,83
0iAF8TJAqp4,UgwPeZdfqmlEGiRenEp4AaABAg,@xbogaerts2269,2021-11-06T14:44:24Z,"<a href=""https://www.youtube.com/watch?v=0iAF8TJAqp4&amp;t=177"">2:57</a>〜のフェンシングのシーンだけど1番ニッチなサーブルを映してくれてるあたり、サーブルやってる人からするとほんとに嬉しい",37
0iAF8TJAqp4,UgyUnl2uPER5T7C_-154AaABAg,@海老真夜ghmp,2023-05-09T08:22:23Z,ハガレン再熱して狂うくらい聴きまくってる,148
0iAF8TJAqp4,UgxCmfkrPTnQfw5T-kd4AaABAg,@miromu-a14,2025-06-16T10:07:00Z,中学生です。試験前にこの曲を聞いて、「味わうのは勝利の美酒かそれとも敗北の苦汁かそうすべては２つに一つ操りたい運命の糸」というところを聞いて、自分が少しでも良い流れに持って行きたいと１週間前に勉強を自主的に始めることができ、テストが明日に迎える中、今日この曲を聞いて絶対に皆見返してやる、と強く思えました。,47
0iAF8TJAqp4,Ugy_x4t3qM_RqrFSax94AaABAg,@さば味噌-g9r,2024-02-12T03:42:38Z,今更ながらハガレンにハマった新参者ですがこの曲大好き,268
0iAF8TJAqp4,UgzC-FhCd7jgPLG0bP14AaABAg,@kg-tp2wh,2018-04-02T15:33:24Z,この曲はマジで神<br>仕事、勉強、筋トレ様々なシチュエーションでモチベーションを底上げしてくれる<br>そして歌詞カッコ良すぎ,1628
0iAF8TJAqp4,Ugh6qYTTTfGkp3gCoAEC,@nitchthemc4841,2017-01-24T02:19:03Z,サビの韻の踏み方が気持ち良すぎる,2375
0iAF8TJAqp4,UgyaJKA7Sa5_H_J3RO14AaABAg,@as5177,2021-11-22T16:07:45Z,【定期】ハガレンマジで神曲しかない,492
0iAF8TJAqp4,Ugh7HG_s-7S1v3gCoAEC,@harukamasamune3330,2014-03-30T13:22:03Z,受験のとき、本当に助けになった。,411
0iAF8TJAqp4,Ugy4mjMTFbCeBzryKLR4AaABAg,@柊-o5s,2023-10-17T16:03:26Z,時が経てば経つほど、ハガレンが曲含めどれだけ素晴らしい作品かわかる,139
0iAF8TJAqp4,UgwqpMPwOg4NhABZk9Z4AaABAg,@Xa-sin,2023-01-27T15:33:30Z,もう13年前のうたか、、、<br>全く色褪せないな～やっぱり名曲は錆びない！,431
0iAF8TJAqp4,UgyVsNdD2Pst_UH4YZt4AaABAg,@まるちゃん-x9h8l,2019-03-07T18:01:01Z,学校の授業で和歌とやると、昔の人は掛詞とか枕詞とか入れてすごいなぁって思ってたけど、現代でも韻踏んだりダブルミーニングやったりって素晴らしいなと思った今日この頃。<br><br>スキマスイッチ大好きです,130
0iAF8TJAqp4,UgymJkL-1QzemL5bapZ4AaABAg,@user-mz2kw1zn6d,2022-03-10T07:44:48Z,この歌を聞きまくることで、勉強のモチベを上げて、無事に第1志望大学に合格できました！！<br>特に、冒頭の「集中できてないな。まだ体が迷っているんだ」と<br>「味わうのは勝利の美酒か、それとも敗北の苦渋か」という歌詞で、自分を奮い立たせていました！<br>スキマスイッチさん本当にありがとうございました！！,179
0iAF8TJAqp4,UgzQAG5rBqzWRz5CVqt4AaABAg,@EstêvãoHarrisonPagliaro,2024-04-07T02:25:22Z,完璧なアニメにぴったりの美しい音楽,13
0iAF8TJAqp4,UgzP3UPDgzcdv1D6TF54AaABAg,@ddfn276,2025-06-22T13:42:56Z,この動画が15年前で、一年前のコメントが目立つし、数日前のコメントにも高評価がついてる<br>不思議な感覚だな<br>自分もこの曲聞くと元気というか克己心が出てくる気がする,11
0iAF8TJAqp4,Ugyzffii-ZrZdpMndD14AaABAg,@パク-e2o,2023-10-28T07:43:40Z,勝負運→ツキ<br>展望→点棒<br>ロン→栄和(ロン)<br>やっぱり麻雀じゃないか…,40
0iAF8TJAqp4,UgwWpgLYgqeXDTcHI_d4AaABAg,@馘牙狼,2021-07-30T02:41:59Z,ラスサビの<br>斬新な〜に入る時<br>ざぁんしんって言い方が好き(伝われ),17
0iAF8TJAqp4,UgxRmP0-WTh25b-HHqF4AaABAg,@ダミアン-z8o,2022-06-12T03:48:20Z,Cメロの所、コーラスで四文字熟語入れたの天才だと思う、ホント好き！ただ、全部聞き取るのムズい(笑)<br><br>大言壮語（たいげんそうご）<br>深層心理（しんそうしんり）<br>乾坤一擲（けんこんいってき）<br>勇猛果敢（ゆうもうかかん）<br>電光石火（でんこうせっか）<br>栄耀栄華（えいようえいが）,25
0iAF8TJAqp4,UgxqMIBEtc8WwTPiUuZ4AaABAg,@雄紀人新田,2024-01-21T16:07:47Z,ハガレン神曲多い。マジこの曲お気に入り😊,28
0iAF8TJAqp4,Ugxq0OwWtMvOj18bgux4AaABAg,@とまとめいと-x4e,2025-05-24T16:45:27Z,スキマスイッチの母音の発音が好きすぎるんよね。特にこの曲は顕著に出てる。｢ぽーかふぇええ→ーす！｣じゃなくて｢ぽーかーふぇい↑ーす！｣みたいな、母音の発音がパキッとしているのがすんげー気持ちいい。｢せかーいへ｣じゃなくて｢セカイィ→へ｣、｢くじゅー→か｣じゃなくて｢くじゅう↑か｣って母音をハッキリパキッと言う感じが(伝われ伝われ),4
0iAF8TJAqp4,UgwdQeIg315-DXGhlM14AaABAg,@ディズニー好き-t4g,2020-02-12T15:25:11Z,必要なもんは勝つプライドのとこがめっちゃ好き,111
0iAF8TJAqp4,UgygpJvbZPHRLWoGa_94AaABAg,@kodai1022,2018-07-07T12:56:29Z,小学校の頃は全然歌詞も呪文のように耳から耳へとすり抜けていたけど、<br>今は良い応援歌。<br>バベルの頂上へ向かう。,453
0iAF8TJAqp4,Ugz32XD4-aI1_Io5Atl4AaABAg,@伊藤瑠海-q6f,2024-03-06T01:12:19Z,この曲懐かしい<br>受験のとき、めっちゃ聞いてた<br>結局勉強って気分どれだけあげれるかだから、ほんとこの曲に出会えてよかったです<br>すごく支えになった,20
0iAF8TJAqp4,Ugys4ejzPixJXw_3mIV4AaABAg,@アラキヨ,2021-03-21T19:25:44Z,なんか絶望から這い上がる感じの曲で好き。,292
0iAF8TJAqp4,UgxqLX3sLM3QIpLOh0h4AaABAg,@カエル-u9j,2023-05-06T12:03:27Z,この曲を大会前に聞いて気分上げたら、県大会出場権獲得できました！ありがとうございます！,9
0iAF8TJAqp4,Ugy7SMNu2o0d_OZjgGB4AaABAg,@座敷犬-m1u,2024-02-05T13:36:19Z,indigo la Endの名前は片思いを聴いて「あれ？これ何か聴いたことあるなと記憶を辿ったらゴールデンタイムラバーだ！」と思い聴きにきた♪<br>やっぱいい曲だ！,6
0iAF8TJAqp4,UgyTTAmT18ZxTotG5xV4AaABAg,@てぃうす-i6f,2023-03-23T12:35:54Z,WBCの決勝戦この曲が頭の中で駆け巡ってました。,19
0iAF8TJAqp4,UgxHl9_4_LI5OHdtIFZ4AaABAg,@山田太郎-i5q1w,2024-09-18T11:03:35Z,夏休みの間に新旧両方アニメもっかい見てきたけど、この曲だけ流れてきた瞬間に思わず立ち上がって歌い出してしまった<br>親の視線は冷たかったけど私の心は燃えました,12
0iAF8TJAqp4,UgyAcor5ibqIbMBo2Lt4AaABAg,@がちむっちドラえもん,2024-03-02T14:03:56Z,歌詞だらけで好き,8
0iAF8TJAqp4,UgznySRlF3Fws2kZEDx4AaABAg,@psyduckasi,2022-10-28T18:31:05Z,なんか裏で鳴ってる一定のポロンポロンみたいな鉄琴みたいな音が、シンキングタイム感があって、ちゃんと何か考えてる感があって好きです（伝われ）,153
0iAF8TJAqp4,UgxGFOF4CflJUqpLwKZ4AaABAg,@RedSeraph_03,2020-05-10T17:00:51Z,<b>no flowers were harmed during the making of this op</b>,504
0iAF8TJAqp4,UgxEQboOlXYlPYYOJm94AaABAg,@ラオ太郎,2025-09-17T10:02:32Z,受験生です、数日前の模試で夏休み前より伸びるどころか点数が下がってしまいました(志望校の判定はまだ出ていませんがおそらくEです)。過去1の絶望を味わっていましたが、この曲を聴いて、本気で第一志望に行きたいのなら今やるべきことはうだうだ絶望する事ではなく冷静に模試の復習をして着実に志望校までの距離を縮めることだと気付きました、ライバルから運命を奪い取るために勉強頑張ります！,2
0iAF8TJAqp4,UgwkZ3qQGGvwBkVI_W14AaABAg,@獣王ベルゼルケル-m1f,2020-07-22T01:56:45Z,野球選手やったらこれ入場曲にしたいなってぐらい好き,71
0iAF8TJAqp4,UgyXZQOs17usrUv7vFp4AaABAg,@とある柔整師の小言,2021-07-21T11:20:44Z,弱小テニス部で大会前に必ずイヤホンで聴いていた曲。そして数十分で鮮やかに散った記憶が数年ぶりに思い出したよ。ありがとう。,24
0iAF8TJAqp4,UgxzQMRCd07P1cEfcyV4AaABAg,@Trip-Raven-r2z,2025-05-24T01:48:14Z,この曲聴いてた頃は「なんだハガレンって？」って思ってたが、あれからハガレンを全巻買い揃えた今では、歌詞にすごい合ってるなと思うようになった。,4
0iAF8TJAqp4,UgjmFfixD7nym3gCoAEC,@kusukusu831,2016-07-27T15:42:03Z,勉強苦手で受験生の自分の心境と合ってる曲だ……<br>今までこんなふうにこの曲を聞いたことは無かった……ありがとう……勇気をもらったよ,111
0iAF8TJAqp4,UgzGUqxPNKa44YL-c-J4AaABAg,@あはも-k2m,2022-10-03T13:40:27Z,昔コメント欄にあったうんこ漏れそうな時に流れる曲ってコメント好き,3576
0iAF8TJAqp4,UgxNcdWKS6UPWobIwCl4AaABAg,@S-yusuke1993,2022-11-14T12:55:48Z,天才だよね。ハガレンにあってるとだけしか思ってなかったけど、勝負曲感バチバチ！<br>「驚愕の大逆転、華麗に決めるよ」がホントにかっこいい。,25
0iAF8TJAqp4,Ugh_8hNjR1SYEHgCoAEC,@monhan117,2014-07-02T12:38:28Z,鋼の錬金術師思い出すな…<br>良いアニメだった…,190
0iAF8TJAqp4,UggKdRtUwNyf6XgCoAEC,@そめん-c4m,2016-11-29T09:04:26Z,この曲聞いたらまた鋼錬見たくなった,121
0iAF8TJAqp4,Ugzx-Kff1hzfbcilyOh4AaABAg,@oppaisikakatan,2025-06-07T12:04:27Z,この曲がリリースされた時期にちょうど受験生だったんだよな<br>鋼の錬金術師FAの主題歌だったから知ったんだけど、当時の自分にめちゃくちゃ刺さった覚えがある<br>ちなみに無事入りたかった大学には入学できた,16
0iAF8TJAqp4,UgyvLghlYo17zsa_kbV4AaABAg,@藤夏とうか,2020-12-09T11:35:58Z,元々大橋さんの声が大好きだけど、この曲はどの曲よりも大橋さんの声や歌い方が活きているように感じるので、やっぱり最高の神曲だと思う！,78
0iAF8TJAqp4,UgwGOfkCcHl2XwgyXwN4AaABAg,@佐々木耕陽,2024-06-28T11:24:31Z,ハガレンのアニメのOPで聴いた時に衝撃を受けました。<br>アニメの映像とあまりにもマッチしていて当時は何度も聴き返していました。,37
0iAF8TJAqp4,UgyPoXgaXj4X-AEn2wB4AaABAg,@ミラけん-p4k,2024-12-13T21:03:59Z,歌詞のセンスがエグすぎるんよな<br>ハガレンで一番好き,9
0iAF8TJAqp4,UgyCgvCuMP3MlZO6pdF4AaABAg,@ツバメ-f6p,2022-03-07T16:57:31Z,お腹痛くて苦しんでる時でもカッコよく居られる曲！,116
0iAF8TJAqp4,UgwKzsIhE_mK-qi0sBh4AaABAg,@にかたま,2025-03-10T06:55:19Z,ラスサビ辺りの斬新なファイティンスタイルで「ざ」だけちょっとテンポ速いとこめっっちゃ好きくせになる<br>まだまだ聞いてます名曲です,6
0iAF8TJAqp4,UgwMNUWgJBosA6S56bN4AaABAg,@senkigsk,2025-04-20T08:44:47Z,中一になって、気になってる人がゴールデンタイムラバー好きって自己紹介カードに書いてたから聞きに来ました😙🍀*゜,51
0iAF8TJAqp4,UgyaNBREYcYz_y5zMbR4AaABAg,@Ueno_318,2022-12-29T13:57:50Z,エンドレスで聴いても全く飽きない最高の曲。スキマスイッチの中で一番好き。,36
0iAF8TJAqp4,UgxGtyXv4X_PxxYGkCh4AaABAg,@user-Gorilla50,2025-05-13T04:02:58Z,ハガレンを知らない時でもこの曲のサビは知ってたな…アニソンってすごい,5
0iAF8TJAqp4,UgxRKmLmX9GXLxf3JHN4AaABAg,@紅蓮リンリン,2022-11-12T16:37:05Z,この曲もう13年も経ってるんだな…<br>時間…過ぎるの早いな…,12
0iAF8TJAqp4,UgwYmdM0W8s2THc4r5V4AaABAg,@河城-e7y,2021-07-30T16:56:56Z,フェンシングが金メダルとった時にこれオススメでだしてくる運営有能だわ,43
0iAF8TJAqp4,UgyWeSRtvLtLxB7TjQJ4AaABAg,@らむね-z4z,2025-01-10T15:32:33Z,浪人していた時によく聴いていました。E判定ばかりで「もう無理かも」と何度も思いましたが、この曲に勇気づけられて最後は全て受かりました。<br>大学生の今でもこの曲を聴くと思い出します。ありがとう,4
0iAF8TJAqp4,UgzfXpyThu2-uePPHit4AaABAg,@うゆ-f2p,2021-05-02T09:34:39Z,スキマスイッチの曲名曲しかない件について。,8
0iAF8TJAqp4,UgzY3F62iF9HkxXAnmV4AaABAg,@いとう-y2i,2019-11-18T11:22:53Z,ほんと良くこんな歌が作れるなぁと感心する。,102
0iAF8TJAqp4,Ugx179QhnY6INqaJ6a54AaABAg,@古鷹阿緒衣,2025-03-16T09:09:44Z,勉強する時に聴いたらやる気上がる,6
0iAF8TJAqp4,Ugz9hStvuZ_9WAuPtdB4AaABAg,@ばんぶばん,2019-07-23T07:18:46Z,MVはスポーツとかだけど<br>歌詞はどっちかというと麻雀なの好き,28
0iAF8TJAqp4,UgwGMnxbcGM9dS8mthh4AaABAg,@hplhe2143,2023-05-26T11:32:08Z,スキマスイッチの中で個人的に一番カッコイイMV,5
0iAF8TJAqp4,Ugx3o8NbL90D7-EtzSt4AaABAg,@健太富田,2024-08-03T23:20:13Z,フェンシングで活躍するたびにこの曲が脳内に流れてくる,12
0iAF8TJAqp4,Ugxj2C3gsxlBNa-qfTp4AaABAg,@kn9470,2018-11-07T06:37:09Z,最後のサビの畳み掛ける感じがすき,46
0iAF8TJAqp4,UgzA-7NPMG-JA5bBse14AaABAg,@ヤクザイシ,2021-12-13T10:34:06Z,歌ってみて改めて感じるゴールデンタイムラバーとかいうバベルの塔<br>最後まで歌い切るとまぁ気持ち良い。だいたい息切れしちゃうか保たないか,4
0iAF8TJAqp4,Ugi4Dmw4n0XHfngCoAEC,@yumenoikezaki2885,2016-03-14T10:28:38Z,今日の朝、この曲聞いて受験頑張りました<br>インフルエンザでぶっ倒れそうだったんですが<br>なんとか乗り越えることができました<br>スキマスイッチさんありがとう,22
0iAF8TJAqp4,Ugz3a5JsQhY-rXv5_914AaABAg,@user-oo1uu6yt8d,2024-11-24T13:55:02Z,"<a href=""https://www.youtube.com/watch?v=0iAF8TJAqp4&amp;t=208"">3:28</a> ここからすき",8
0iAF8TJAqp4,Ugwp1v4kmvc8YHalPHl4AaABAg,@Ultrasecond77,2025-08-11T18:35:15Z,"15 years later and this song and its music video still goes absolutely hard as nails. Thank you to FMA for introducing me to this song, and thank you to Sukimaswitch for writing it.",2
0iAF8TJAqp4,Ugx66kdK4ka7lNSM1_V4AaABAg,@歌い手ウンババ族,2020-03-05T12:37:21Z,運命など知るか！って感じの不敵な曲、好きなんだ……,33
0iAF8TJAqp4,Ugxj_eOYimvbbNtnadZ4AaABAg,@barurin6389,2020-04-10T12:13:16Z,受験期に本当にお世話になった。<br>受験の日も車でこの歌聞いて無事合格出来ました！5年間この学校に入るために頑張ってたのでこの曲にはその分の思い入れがあります。大学受験もお世話になるつもりです！,18
0iAF8TJAqp4,UgwZRBDF9g8iNK39DjV4AaABAg,@わたくし-z2p,2023-08-02T18:23:34Z,これ聴きながら絵描いてると大体険しい顔というか真剣な顔になる……<br>テンションが上がって筆も乗るんだよな〜,3
0iAF8TJAqp4,UgxOHDvs1YEv24sMnfZ4AaABAg,@Buraki1119,2020-05-10T03:29:54Z,鋼の錬金術師FULLMETAL ALCHEMIST見終わったから聞き直してます<br><br>やっぱ好き,18
0iAF8TJAqp4,UgwITie11cQGOmiXHiV4AaABAg,@Tonystark002,2024-05-19T08:35:52Z,部活でも受験でも就活でも、勝負事にはこの曲がピッタリ合う。俺も今年は人生の岐路だから絶好のゴールデンタイム掴めるように頑張る。,9
0iAF8TJAqp4,UgzMUJh_Q9_RzYr4N4x4AaABAg,@Darvi_Shuyu,2023-01-09T10:16:10Z,歌詞がマジで神<br>俺のための曲,6
0iAF8TJAqp4,UgwDA2a8IOI7DTcDTqt4AaABAg,@EyeTuber見津めるめ,2024-05-23T13:04:12Z,14年前でたまげた,14
0iAF8TJAqp4,Ugx6AeA0P3SiZqa5x314AaABAg,@不知火石仮面,2020-04-16T13:53:40Z,ヒューズ中佐を忘れない,689
0iAF8TJAqp4,UgxVKlpZwhWLxAURPsV4AaABAg,@本沙弥,2023-03-09T20:36:59Z,このPVがあまりにもかっこよすぎて、自分もチェス出来るようになりたいって思ってルールを覚えたけど、未だ「チェックメイト」って言えたことない。…というかチェックメイトってただ勝つんじゃなくて「敵を詰ませる」って事をその時初めて知った。難しいじゃん…,5
0iAF8TJAqp4,UgwrXQvu5dy1gVIIg3R4AaABAg,@aoki2368,2019-06-19T14:11:50Z,もう天才しか創れない曲だと思う<br>こんな曲は他に無い<br>私もミュージシャンの端くれだけど、どうやって最初から作っていったんだろうとほんと思う,14
0iAF8TJAqp4,UgiOlTlRGIzlvHgCoAEC,@blareknightley2015,2015-01-18T03:11:02Z,You know you went really deep into the anime zone when all the suggestions you get are in Japanese ,160
0iAF8TJAqp4,UgwIznYZCLbllZ5AR3h4AaABAg,@JBL508gti,2024-07-22T11:35:09Z,2013年ぐらいにアニマックスでこの曲流れながら鋼の錬金術師　一挙放送　ってCMが何回も流れていて興味を持った。<br>深夜に録画してたのが懐かしいよ,4
0iAF8TJAqp4,Uggf7aSHntE_4HgCoAEC,@hsai6456,2017-03-02T12:34:16Z,展望は無いが、度胸でクリアするしかないや<br><br>ここ心にくる,74
0iAF8TJAqp4,UgzcgzGacNlH1UtnE5R4AaABAg,@村人-n6m,2019-04-28T15:20:03Z,スキマスイッチって作品に合う曲ちゃんと作ってくれるし、全て良い曲。<br><br>最高やでホンマァ,87
0iAF8TJAqp4,UgxzjR5Z6lA5Z5ODRdx4AaABAg,@mkay.tanimo,2023-09-03T14:46:42Z,・・、前職の繁忙期・残業月間100時間超えのブラック時代に自分を鼓舞するために聴いていた。今となっては懐かしい・・。,3
0iAF8TJAqp4,Ugx-kYfXCPKfCsA4KYJ4AaABAg,@chA-yq7bl,2024-09-08T11:43:28Z,自分の中で肺活量がいる曲で息継ぎのタイミングをミスると酸欠になる曲,12
0iAF8TJAqp4,UgyRSDWncd5LNPV_lkN4AaABAg,@らいち-s8h,2023-03-31T23:29:19Z,勝負事全てにマッチする曲だと思う。,12
0iAF8TJAqp4,Ugzmm2sOvqgMFhucNVt4AaABAg,@777agryTANAKA,2023-12-19T10:17:05Z,SASUKEのMAD2018で聞いて感動しました✨<br>そこから ハマってます👍🏻,6
0iAF8TJAqp4,Ugx9jAMMSOqdE8xPM1x4AaABAg,@strash2878,2021-07-30T11:01:22Z,オリンピック見たら<br>久々にこれ見たくなっちゃった,11
0iAF8TJAqp4,UgxKA1iU4G0jZDjGRK54AaABAg,@kaisenmegane,2022-05-16T15:51:13Z,絶望したときに聴くともう一度頑張ろうって気になる素晴らしい歌です,53
0iAF8TJAqp4,UgyqfF1V6oivn3Y2WAh4AaABAg,@Poki_1565,2025-08-17T04:01:58Z,本当にハガレン神曲しかない,3
wjoTmy3c16U,UgzBMg3Vgch9QtcL5gh4AaABAg,@gumi_chiwa,2023-11-16T07:23:35Z,高校時代、野球部で2年の時に父が亡くなり野球を辞めざるを得ない状況になった。<br>その年に野球部は春の選抜で優勝し、当時の同級生で主将だった選手は大学卒業後プロの世界へ。<br>父が亡くなり野球をやめる時、「野球やめて違う道進んでも、俺たちは一生仲間いつも支えてくれてありがとう！」と励まされた言葉、この曲も私の方がどれだけ支えられたか忘れることはできない。<br>私の中でいつまでも生き続ける曲と大切な思い出をありがとう！,162
wjoTmy3c16U,UgzTQhPuKY21_2B9iFR4AaABAg,@イツ子中山,2023-12-16T00:56:03Z,奏で大好きです、76才のお婆さんですが、素敵な曲わ皆様好きですね。❤,82
wjoTmy3c16U,UgwSDP4KYXxpuCMJwal4AaABAg,@イツ子中山,2023-12-04T00:06:17Z,私わ76才のお婆さんです、奏で大好きです、歳に関係なくステキな歌ワ皆さん一緒ですよね。,145
wjoTmy3c16U,UgzBRazbjxfKgER6OpJ4AaABAg,@mk-he7vs,2023-05-24T13:57:49Z,高校生の時にこの曲を好きになって、久しぶりに聴きました。<br>今は3歳の娘がいます。<br>娘と離れる日の事を思ったら泣けてきました。<br>毎日を大切に過ごしたいと思います。,56
wjoTmy3c16U,UgyWhP4aBREPkuexgFR4AaABAg,@tsukako914,2020-10-31T09:57:14Z,今は結婚して父親になり家族を守る息子です。この曲は息子が反抗期に話すことさえ避けていた時期に、すごくいい曲があるから聴いてみて、と教えてくれた思い出深い曲です。この子はスキマスイッチが好きなんだねって気づくきっかけにもなりました。今でも、私の気持ちが落ち込んだりしたらこの曲を聴いて救われています。<br>ほんとに何度聴いても素敵な曲。大好きです。,179
wjoTmy3c16U,UgyQKW5Ub9lALUHJY2d4AaABAg,@taijunizumi793,2024-02-05T06:11:54Z,「突然不意に〜…」の所を聴いていると、高校3年生の春休み、大学進学に伴い上京するために乗った新幹線の光景がありありと蘇る<br>春爛漫の陽気の鹿児島中央駅、泣き笑いのような表情の父、不安そうな母、桜島が噴火した後に漂っている少し硫黄のような香り…<br>父の口が「行ってこい」の動きをしているのを見てブワっと涙が溢れたのを思い出す,18
wjoTmy3c16U,UgzSMITWGUA4tQfKZWZ4AaABAg,@アベンジャーズたた,2023-11-23T12:00:44Z,はじめて聞きました。<br>涙が出た。モニタリング見て検索しました。,44
wjoTmy3c16U,UgywQmmXaq7feRRX1F54AaABAg,@やたか-j8i,2019-08-20T06:19:50Z,押しも押されぬ名曲。大サビの転調は今聴いても震える,591
wjoTmy3c16U,UgxIhmvtgQZXRETROvp4AaABAg,@Kikinomori222,2021-10-11T12:11:46Z,この曲を聞くたびに涙が止まりません。<br><br>私にとっては恋歌じゃなくて、巣立っていく子供達との濃密な日々を思い出す大事な曲。<br>こんな素晴らしい歌を世の中に送り出してくれて感謝。,372
wjoTmy3c16U,Ugz620eQyZ19xzHXkgN4AaABAg,@岩佐幸子-j4h,2021-12-27T16:24:44Z,今年で67歳ですが、この曲聴いた瞬間に青春時代に戻れるのです✌もちろん、当時こんな素敵な歌は無かったけど、半世紀たった今も10代の私に戻してくれるから大好きな曲です😅多分死ぬまで私の中で1番好きかもしれません😆センキュ👍,1088
wjoTmy3c16U,UgwWfuEx7Yxt_P8VY_h4AaABAg,@ライオンゾウ,2024-01-23T04:01:35Z,障害のある息子がいます。<br>この歌は全国の障害者の親が子供を置いていく気持ちをよく表しているようで涙がポロポロ溢れて仕方ない,26
wjoTmy3c16U,UgwXojRNShE7_Anj3314AaABAg,@banku3441,2019-10-15T12:51:11Z,何年経っても色褪せない曲だと思う。,617
wjoTmy3c16U,Ugy4_nMFSXQuk2ku4Zh4AaABAg,@真崎忠,2024-02-26T01:36:57Z,73歳のじじですがいい曲だなー　何回聞いても新鮮だよ　スキマスイッチか　大好き❤,16
wjoTmy3c16U,UgyHx_7PHjaxJzo0sP14AaABAg,@みちよ-k2l,2023-03-11T12:29:14Z,奏は何回聴いても飽きないし<br>最高に良い曲です<br>大橋くんの優しい声が大好きです<br>最近スキマスイッチのファンになり<br>過去のDVDを買い漁ってます<br>何でもっと早くファンにならなかったと後悔してます😢<br>私の気持ちが分かる方いるかな？,29
wjoTmy3c16U,Ugw0b_-4iCoKRZOj3DN4AaABAg,@うゆ-f2p,2021-05-04T04:59:45Z,なんでこんな綺麗な声で歌えるんや。好きすぎる,160
wjoTmy3c16U,UgyOVRqI5PXwPTwq3-14AaABAg,@haha-vd5jb,2019-12-25T00:30:08Z,"<a href=""https://www.youtube.com/watch?v=wjoTmy3c16U&amp;t=42"">0:42</a><br>改札の前 つなぐ手と手<br>いつものざわめき 新しい風<br>明るく見送るはずだったのに<br>うまく笑えずに君を見ていた<br><br><a href=""https://www.youtube.com/watch?v=wjoTmy3c16U&amp;t=69"">1:09</a><br>君が大人になってくその季節が<br>悲しい歌で溢れないように<br>最後に何か君に伝えたくて<br>「さよなら」に代わる言葉を僕は探してた<br><br><a href=""https://www.youtube.com/watch?v=wjoTmy3c16U&amp;t=101"">1:41</a><br>君の手を引くその役目が<br>僕の使命だなんて そう思ってた<br>だけど今わかったんだ 僕らならもう<br>重ねた日々が ほら 導いてくれる<br><br><a href=""https://www.youtube.com/watch?v=wjoTmy3c16U&amp;t=128"">2:08</a><br>君が大人になってくその時間が<br>降り積もる間に僕も変わってく<br>たとえばそこにこんな歌があれば<br>ふたりはいつもどんな時もつながっていける<br><br><a href=""https://www.youtube.com/watch?v=wjoTmy3c16U&amp;t=185"">3:05</a><br>突然ふいに鳴り響くベルの音<br>焦る僕 解ける手 離れてく君<br>夢中で呼び止めて抱きしめたんだ<br>君がどこに行ったって僕の声で守るよ<br><br><a href=""https://www.youtube.com/watch?v=wjoTmy3c16U&amp;t=216"">3:36</a><br>君が僕の前に現れた日から<br>何もかもが違くみえたんだ<br>朝も光も涙も歌う声も<br>君が輝きをくれたんだ<br><br><a href=""https://www.youtube.com/watch?v=wjoTmy3c16U&amp;t=241"">4:01</a><br>抑えきれない思いをこの声に乗せて<br>遠く君の街へ届けよう<br>たとえばそれがこんな歌だったら<br>僕らは何処にいたとしてもつながっていける",606
wjoTmy3c16U,UgyuqU4NAbzp8UaekSV4AaABAg,@kanako8183,2023-12-17T14:06:30Z,聞くたびにいいね押したくなる👍👍👍,69
wjoTmy3c16U,UgwNIJ603CtsiECNobJ4AaABAg,@KYヤギ,2022-07-20T15:03:26Z,&#39;&#39;共に歩んだ&#39;&#39;15年というタイトルが良いよね<br>この曲はいつまで経っても永遠にみんなの心に残る神曲,77
wjoTmy3c16U,Ugww7KudPuZWl0uWX5h4AaABAg,@soramame1936,2023-08-04T15:03:06Z,いつ聴いても、うっとり😢,32
wjoTmy3c16U,Ugx2h7xvY6EIZUAStvp4AaABAg,@森橋美津子,2021-06-12T10:55:46Z,この歌は当時付き合ってた彼氏が教えてくれて今では完璧に歌えるようになり必ずと言っていいほど歌います。ある意味思い出の曲です。,41
wjoTmy3c16U,UgwCgUaxCXFqduZIFJd4AaABAg,@山賀真弓,2025-02-12T08:12:05Z,2025-02-12、大寒波で雪の降りしきるこの雪国の高田で−−重い血管病で療養中のホテルで−−泣きべそで聴いてます。歌詞に重みがあり。胸にじんときます。素晴らしい歌です,32
wjoTmy3c16U,UgyRKnwC2m5J6Tw5WyB4AaABAg,@鈴木みゆき-b1z,2020-10-13T12:11:51Z,私も高齢ですが、大好きな歌です👍️ 胸が熱くなるし、切なくなる。この歌に出会えて幸せです🍀,306
wjoTmy3c16U,Ugza23jrY58-_cg3n8N4AaABAg,@-shonagai-479,2022-04-02T21:12:09Z,アップテンポやイケイケな日本の曲もいいけど<br>日本人はどこかこういう憂いを帯びた曲が心に染みる人種だよね<br><br>直球じゃ伝えられない、遠回しだけど熱を帯びた思い<br><br>日本が世界に誇れる名曲ですわ,85
wjoTmy3c16U,UgyxPJaSmtc771qvpAp4AaABAg,@takutakutakutakuuuuu,2019-04-19T12:23:32Z,最高の曲です。時代が変わっても、これからもずっと歌い続けてください。,166
wjoTmy3c16U,Ugzzsb3d1t5OIT0ruuF4AaABAg,@eva-japan,2019-04-05T05:22:54Z,15年前の曲が1億回って本当にすごいと思います。おめでとうスキマスイッチ!!,137
wjoTmy3c16U,UgxP73qOrr6K5u2A18Z4AaABAg,@tetu5848,2023-02-23T05:17:40Z,色々な人のバージョンを聴いているが誰のもそれぞれいい。これこそ神曲,45
wjoTmy3c16U,Ugw-mrFN2MCY2vOMexx4AaABAg,@ゆきだるま-k3v,2021-07-01T03:07:52Z,カラオケで主人が歌って初めて知った曲です。涙が溢れて 娘もいるし恥ずかしかったけれど、出会えて良かった。<br><br>主人が娘に対する態度そのまま…<br>あれから数年 まだ泣いてしまう。<br>この曲を聞いて 日頃の不満愚痴がいかに無駄かと 私は何かあれば聞く曲です<br><br>本当…いい。本当に。<br>また 聞きにきます。ありがとう。,9
wjoTmy3c16U,UgwHbiSNObBAGRt2epB4AaABAg,@user-vd2kx2ju9x,2020-05-21T04:00:43Z,この歌に出会えたことに感謝感激!!,139
wjoTmy3c16U,Ugxz9Yaj02L9DDcnPBd4AaABAg,@あんきもバカ売れ,2019-10-19T13:21:47Z,自分の思い出と重ねてしまう。<br>みんな少なからず経験する出会いと別れ、やべえ泣ける。,80
wjoTmy3c16U,UgwDe20O6L-Lbfz5YBh4AaABAg,@ああ-v4z8m,2019-05-29T09:23:15Z,歌詞<br><br>改札の前 つなぐ手と手<br>いつものざわめき 新しい風<br>明るく見送るはずだったのに<br>うまく笑えずに君を見ていた<br><br>君が大人になってくその季節が<br>悲しい歌で溢れないように<br>最後に何か君に伝えたくて<br>「さよなら」に代わる言葉を僕は探してた<br><br>君の手を引くその役目が<br>僕の使命だなんて そう思ってた<br>だけど今わかったんだ 僕らならもう<br>重ねた日々が ほら 導いてくれる<br><br>君が大人になってくその時間が<br>降り積もる間に僕も変わってく<br>たとえばそこにこんな歌があれば<br>ふたりはいつもどんな時もつながっていける<br><br>突然ふいに鳴り響くベルの音<br>焦る僕 解ける手 離れてく君<br>夢中で呼び止めて抱きしめたんだ<br>君がどこに行ったって僕の声で守るよ<br><br>君が僕の前に現れた日から<br>何もかもが違くみえたんだ<br>朝も光も涙も歌う声も<br>君が輝きをくれたんだ<br>抑えきれない思いをこの声に乗せて<br>遠く君の街へ届けよう<br>たとえばそれがこんな歌だったら<br>僕らは何処にいたとしてもつながっていける,1068
wjoTmy3c16U,UgzlZboyKszBabfpNNx4AaABAg,@さわ-d2v,2023-01-24T15:40:06Z,なんでこんなに心に響き、胸を打つのでしょう。歌とはこういうものですね🥹,29
wjoTmy3c16U,UgyTP-YMkB13PpgrUnx4AaABAg,@髙橋美那子,2019-11-23T10:16:57Z,あきないわー、 <br>いつでも聞ける,87
wjoTmy3c16U,UgyDb0B2w0PQDM21v9N4AaABAg,@はるにれ-j6g,2022-04-29T05:43:20Z,何度聴いても飽きない！<br>&quot;君が何処へいっても僕の声で守るよ&quot;<br>のとこが1番キュンとくる。<br>ピュアな名曲中の名曲！！！,48
wjoTmy3c16U,Ugw_tdAx4MVE0BVHSPZ4AaABAg,@ワタタク-t7p,2020-01-09T17:13:42Z,君が輝きをくれたんだのとこ、カラオケで歌ってて凄い好き,84
wjoTmy3c16U,UgwU1RieK7ZSaZlLvkp4AaABAg,@hrmiiin9453,2019-04-05T04:38:30Z,1億回再生おめでとうございます！<br>歌詞の様な経験をした事がないのに、頭の中で情景が広がって切なくなります。<br>これからも応援しています！,221
wjoTmy3c16U,UgzcZeUwgUX1d5Llz0x4AaABAg,@山田花-v5h,2020-10-29T16:06:28Z,こんな歌詞が大切な人へ届きますように。,102
wjoTmy3c16U,UgwOamYzntq35NcUVNJ4AaABAg,@ヒモトゥオッタ,2019-05-08T23:05:58Z,今の自分にめっちゃささる曲だから泣きながらきいてます。,133
wjoTmy3c16U,UgzuvNI3XgGOn7zWAtx4AaABAg,@tamanosuke_,2019-11-25T14:13:15Z,個人的には2006年度熱闘甲子園最終回のED曲という印象が強いです。野球との関係性は特に無いはずの曲なのに、敗れ去った球児の涙、死闘の感動、夏が終わる一抹の寂しさなどが合わさって、歴代で1番好きな熱闘甲子園でした。,73
wjoTmy3c16U,Ugz09HTyol775CdpWJd4AaABAg,@o.chinatty5203,2019-04-05T15:30:27Z,気付けば11年間あなたたちの音楽が大好きです。<br>日常に彩りをありがとう。<br>きっとこれからもずっと大好きです。,89
wjoTmy3c16U,UgztMlk6LQFPb0Wg8iZ4AaABAg,@nemuru0204,2020-02-07T21:09:46Z,すごく切ないけど綺麗な曲だ……,176
wjoTmy3c16U,UgxRAzMuq1bNdVGTeHh4AaABAg,@吉山明里,2019-04-05T14:32:22Z,ここまでみんなに広く歌われる詩になるなんて嬉しい😁<br>去年の十五周年ライブに初めてライブを見て今度は彼女を作って二人でお二人のライブに行きたいです🎵,92
wjoTmy3c16U,UgzmWKaHsxdmPie1GYB4AaABAg,@ラマタム,2019-07-18T12:32:13Z,スキマスイッチって曲に純情さが散りばめれらてるよな。<br>蒼さを感じるんだよ。<br>だからいつ聞いてもノスタルジックな想い出が甦るんだよ。,40
wjoTmy3c16U,Ugya8XwLp8gwSGXiO4Z4AaABAg,@low9336,2019-04-14T09:05:13Z,今までもこれからも何年経っても色褪せない名曲、,116
wjoTmy3c16U,Ugzb9BiE3qO9-EQXoUV4AaABAg,@マリンのママ-n4f,2020-05-02T04:51:57Z,この曲を聴くと<br>あの日　あの頃　その時の場面を<br>思い出します😢,78
wjoTmy3c16U,Ugz0w7DrkTA7KXtpHap4AaABAg,@サザンカ-s9m,2024-12-13T12:00:39Z,モクレンノ涙とこの唄は大好きです😮老婆ですが心に染み☝️、歌詞がしびれます,12
wjoTmy3c16U,Ugz_VabXzOtkdx2GiqR4AaABAg,@user-hz1hg2zk7f,2019-04-17T14:31:46Z,いやーやべぇ普通にかっこいい,65
wjoTmy3c16U,Ugy1dS4BW_hJm--tK6F4AaABAg,@conveniencestore_midori,2020-07-07T15:54:46Z,なんだろうこの世界観…<br>悲しいような美しいような…<br>言葉では言い表せないこの曲…<br>スキマスイッチの2人の気持ち全てが入っているような気がする…<br>そして、’’かなで’’という3文字の曲名からでき上がるこの心に染みる歌詞…<br><br>そして、誰もが聴いても｢いい歌だなぁ｣と言ってしまいそうなこの歌詞…<br><br>再生回数1億行く理由がわかるような気がする,14
wjoTmy3c16U,UgyDr1ZmWSkM85LdL5F4AaABAg,@ХИТОМИ-н1б,2021-10-11T21:50:09Z,やっぱり、奏は永遠の名曲です。そして、卓弥くんが歌ってこその、この感動。何回聴いても、心に刺さります。,7
wjoTmy3c16U,UgxscLMG79jm44zmj_x4AaABAg,@治王国,2024-04-17T10:40:20Z,大切な人を歌っている。<br>こんな純粋な気持ちが、みんなにあふれたらいいのに。,13
wjoTmy3c16U,UgzEU5jlCSFX-C1Mlul4AaABAg,@nico-h4r3d,2023-10-17T15:28:21Z,当時は至るところで流れすぎて飽きてたけど、改めて聴くと優しい声に懐かしさも相まって癒される,14
wjoTmy3c16U,UgwG_wlRoEgW6kAlb_x4AaABAg,@naomi-zz5uk,2019-04-18T18:15:15Z,いつも新鮮な気持ちで聴いているので、15年前の曲だなんて、信じられません。<br>仕事やプライベートで色々なことがあるけど、頑張れそうです。<br>スキマスイッチ、ありがとうございます。,29
wjoTmy3c16U,UgzL5yOSz2j6kJYbDAV4AaABAg,@九州チャンネル-h9l,2019-06-13T09:59:38Z,何度聞いても飽きないね😊😊マジでいい歌だね！,88
wjoTmy3c16U,Ugx1wbBT2SV_Y4ZctyZ4AaABAg,@taretarezo,2019-04-16T14:31:13Z,専門学生の時に、まだ今程メジャーではなかったスキマスイッチの歌声に惹かれ、出たばかりの夏雲ノイズというアルバムを買い、その中に奏が最後に収録されていて聴きまくっていました。<br>本当に色褪せない名曲です。青春をありがとうスキマスイッチ。,12
wjoTmy3c16U,Ugx_RsQ4bdllPGmY2kl4AaABAg,@松岡京子-q8j,2019-11-26T16:19:26Z,奏の曲本当に大好き💕💕<br>毎日寝る前に必ず聞いてます。<br>平成の名曲だけど、令和になっても、これから先もずっと<br>ずっと色褪せる事ない、忘れられない、my best songです。,30
wjoTmy3c16U,UgxSkzLKFWgumjAEQkp4AaABAg,@usauma,2024-09-21T00:04:11Z,なんて素敵な曲でしょう。<br>還暦を迎えた私はあの頃の究極の6月の雨が、心に響いて雨が降るたびに口ずさんでます。ありがとう。,4
wjoTmy3c16U,Ugz-4z1Jt8jtq6udY4F4AaABAg,@Kゆうこ-n4p,2022-04-29T00:54:13Z,1億回再生おめでとうございます😊毎日奏を聴くのが私の幸せです！ビターコーヒーのライブでアンコールで歌って下さったときは本当に涙しました。感動をありがとうございます😭,33
wjoTmy3c16U,UgxQuraXhWS8CId-_jd4AaABAg,@okutan104,2020-09-08T18:02:10Z,時代も年代も越えて聴き続けられてる、本当に名曲だと思う,24
wjoTmy3c16U,UgwPlMjTx2fKAn2T5WR4AaABAg,@YmYuno,2023-11-16T14:35:12Z,2023年の今でも聞きたくなる😌,31
wjoTmy3c16U,Ugx0uq8tqz3w50pfejt4AaABAg,@たかたゆき-m8x,2019-11-06T16:53:12Z,15年前の声、ステージの歴史が積み重なって、映像と声のギャップにも涙が溢れます。今でもライブでは、イントロのピアノで拍手が必ず起こるのが、とても印象的です。,13
wjoTmy3c16U,UgxRsVbBuH_qrkJuVgl4AaABAg,@昭男阿部,2024-01-01T07:35:21Z,いい歌だよ好きな音楽だよ,7
wjoTmy3c16U,UgySPt6JIWsOIH-pa2l4AaABAg,@aikato7696,2023-08-08T11:20:44Z,心にしみる。,15
wjoTmy3c16U,UgzcO42xWaz9RnhXhat4AaABAg,@もりのさくまさんにメロメロなカッパ,2019-04-05T05:38:46Z,この間の大阪公演に参戦させて頂いた者です。大橋さんが、何かの曲で奏のサビだけ歌っていたのを聞いて、とても感動しました。私は人生初スキマライブだったので、人生初生かなででした。スキマスイッチのお二人がMCで「今回はカバーライブなので、スキマスイッチの曲は歌いません。」と言っていたので、まさか奏が来ると思わなかったので、とても嬉しかったです。感動をありがとうございました！最後になりましたが、スキマスイッチのお二人、（今年で16周年になりますが）15周年、奏（かなで）のYouTube1億再生越え、おめでとうございます！,23
wjoTmy3c16U,UgxyYqWlhlVJUha1JWp4AaABAg,@かな-t3d2y,2023-03-03T11:55:57Z,卒業式で歌います😭😭😭ほんとにいい思い出ばかりの3年間でした。最後にみんなとこの歌を歌えることが嬉しいです。私たちは離れてしまうけどこの歌で繋がっていると思います。ほんとにこの歌大好きです♡,3
wjoTmy3c16U,UgzeeZzXATLi6qT4wiF4AaABAg,@abcsaku1,2019-04-05T12:30:42Z,ずっと永遠にスキマスイッチが好きです,34
wjoTmy3c16U,UgweKEoVyl7uICaJuXt4AaABAg,@みかん-h8m,2021-04-18T11:21:19Z,この人の声も歌詞も好きや,26
wjoTmy3c16U,UgzWD1sUnq0FINDr0A14AaABAg,@多磨代若林,2024-08-10T06:01:13Z,急にたまらなく聴きたくなりました<br><br>初めてこの歌を耳にした時　確か地元のTSUTAYAで流れていて<br>余りにも良い曲で　離れて暮らしている音楽好きの娘に📩した事を思い出しました😄,6
wjoTmy3c16U,UgwsBmyGG5mCigSd6wZ4AaABAg,@花村舞華,2019-11-30T06:44:16Z,発売当初から今もずっと好き<br>声も前奏も優しくて<br>いつか生歌聞きに行きたいと思ってたけどそれももう叶えられない<br>名曲だと思う,17
wjoTmy3c16U,UgzzN5PDDjz4VOLYFUl4AaABAg,@広瀬康一-i1g,2019-04-07T05:22:34Z,小さい頃からずっと聴いていたこの曲<br>今までもこれからもずっと大好き。,38
wjoTmy3c16U,UgyLzPrSlbRZSGFWJ394AaABAg,@イチゴひめ-i8x,2022-04-27T12:35:21Z,奏は私にとって本当に大切な歌です。私が30代の時に初めてスキマスイッチさんのライブに行った時に2回目のアンコールで奏を常田さんのピアノバージョンで歌って下さって😢感動して泣きながら家に帰った事今でも忘れません😊,3
wjoTmy3c16U,UgxbptQ2zqiG0NEWnNh4AaABAg,@恰智佐子,2019-08-22T08:10:24Z,奏大好きな一曲です。<br>メロディも歌詞も大好き❤️<br>大橋さんの歌声にジーンときます。<br>ステキな唄を届けてくれてありがとう😭✨,26
wjoTmy3c16U,UgysmNh6d0ZIsl3MtzB4AaABAg,@濱田恭子-l3f,2019-04-24T10:01:02Z,時を超えても素敵な歌だと思います💕,83
wjoTmy3c16U,Ugxt7PAr0IMg4Cwr0U54AaABAg,@藤堂淳子,2023-10-21T12:04:50Z,いい曲だなぁ✨,16
wjoTmy3c16U,Ugznet5so3ZLC9t9ZE94AaABAg,@勅使河原和美-h5r,2020-06-11T05:17:02Z,どこか懐かしさを感じる曲で良い歌ですね。,39
wjoTmy3c16U,Ugw-kxqHkKa2hxw_jFZ4AaABAg,@des63924,2019-04-14T05:47:34Z,ふと街で流れて彼と気になりスキマスイッチを知り、たくさん聞いてたあの頃から15年。私達も今年で結婚15年です。子供2人にも恵まれ、その度にこの曲を聞き、今では子供たちも大好きな曲です😊,32
wjoTmy3c16U,UgxssDQuM4xgJ5an6od4AaABAg,@なつみかん-v6c,2020-08-11T19:15:37Z,こんな天才歌手が生まれてくるなんて…<br><br><br>奇跡そして感謝,30
wjoTmy3c16U,UgzwrBIqyXgEQiWxLuV4AaABAg,@ginsui2695,2019-04-05T07:57:55Z,最高すぎ<br>これからも応援します。<br>LIVEまた行きたい。,48
wjoTmy3c16U,UgwB1ruwFLAeD2RmxpF4AaABAg,@yasuyasu3999,2024-11-17T05:46:06Z,何度聞いてもいい曲ですね,5
wjoTmy3c16U,UgwP9MV591RDJVe_yyl4AaABAg,@skarave61,2021-06-21T12:14:49Z,何回聞いても歌っても色褪せない至極の名曲。<br>リアルタイムで聞いていた自分にとってあの頃からずっとオールタイムベストです。<br>40手前の自分が聞いても未だにキュンとするんだよなぁ,6
wjoTmy3c16U,UgyVIPU5CXVvWBSJQoN4AaABAg,@Zakkuru,2019-04-05T04:43:33Z,歴史を感じて感動…ありがとうスキマスイッチ、ずっと歌い続けてくれて。<br><br>“例えばそれがこんな歌だったら僕らはどこに居たとしても繋がって行ける”<br><br>彼らの歌は、聞く人達の気持ち、ファンの気持ちを、何年も何年もスキマと繋ぎ続けてくれているんだねえ…<br><br>本当に、1億再生おめでとうございます。そしてこれからも素敵な歌を書き続けて、聞かせてくれたら嬉しいです。ずっとずっと、よろしくお願いします。,21
wjoTmy3c16U,UgwdCKszCWgnjmaFFKF4AaABAg,@sansadm,2023-06-28T14:47:54Z,平成No.1 ソング。,37
wjoTmy3c16U,Ugx0-6oNQp_suumqyR54AaABAg,@bn8ds,2025-08-19T16:23:02Z,素晴らしい曲なのに、当時はふんわりと流れるのを聴いていたまででした……　このような名曲を生んで頂きありがとう~古い時代の音楽とはとても思えないです！,1
wjoTmy3c16U,Ugz80GiLTOzvaJTn8pJ4AaABAg,@溢美鶴長-e3z,2024-07-12T15:09:44Z,奏で🎉何回聴いたかわからない位聴いてしまいます🎉還暦迎えた今でも好きで聴いてしまいます🎉若い時代のワクワク感がメロディにのります🎉,4
wjoTmy3c16U,UgyV47c7Viv4wrEs0qR4AaABAg,@齋藤幸子-m2e,2019-11-24T14:16:02Z,奏の曲かなりジーンときました。<br>やっぱり声がもう恋しいです😍<br>最高に大好きです😉<br>これからも頑張って下さい☺️,16
wjoTmy3c16U,UgzXcbcmfNku_1GRcp54AaABAg,@ぬっこ-s8m,2020-12-02T22:33:03Z,私が大阪で彼が鹿児島の遠距離恋愛。鹿児島空港から飛び立つ時に彼から届いた「奏」<br>会えない時間たくさん奏を聴きました。<br>現在彼の姓になり幸せに暮らしています。<br>今でも奏を聴くと切なくて胸が締め付けられます…,11
wjoTmy3c16U,UgwIx1Z6d9mnWckdMqd4AaABAg,@すい0204,2019-04-25T15:25:28Z,異論なしです🍀<br>これからずっと伝わる歌です🎵<br>心の奥に響く歌声🍀,60
wjoTmy3c16U,UgzJEr9tzokgKfHjvpR4AaABAg,@taku95inoyoshi,2022-04-04T16:00:23Z,奏は発売当時のころの、情景が恋愛模様でしたが…今は子供成長と共にまた引き込まれる曲,4
wjoTmy3c16U,Ugwsh8fsiMMFblo-X854AaABAg,@nakatomo9810,2025-07-20T06:23:25Z,この曲を聴いて、今仕事から逃げ出したい気持ちがあったけど…『負けるな』って背中押されてる気がして涙が流れました。今一番のお気にいりの歌です!,2
wjoTmy3c16U,UgwlHMDTtDAZcAd5jQZ4AaABAg,@めっさてんこもっこりやん,2019-12-11T13:15:20Z,こんな神歌作ってくれてありがとう😊,52
wjoTmy3c16U,UgxlZQZ0rkYAsoTNnkh4AaABAg,@山賀真弓,2025-03-30T01:25:45Z,令和7年3月30日また、ひとりで聴いてます。出だしから本当に鳥肌がたちますほど、美しい声です−メロディも歌詞も抜群に素晴らしいです,2
wjoTmy3c16U,UgwFUr24RtXkTKa4woh4AaABAg,@hosana7,2022-04-27T14:27:23Z,改札の前つなぐ手と手<br>いつものざわめき 新しい風<br>明るく見送るはずだったのに<br>うまく笑えずに君を見ていた<br>君が大人になってくその季節が<br>悲しい歌で溢れないように<br>最後に何か君に伝えたくて<br>「さよなら」に代わる言葉を僕は探してた<br>君の手を引くその役目が<br>僕の使命だなんて そう思ってた<br>だけど今わかったんだ 僕らならもう<br>重ねた日々がほら、導いてくれる<br>君が大人になってくその時間が<br>降り積もる間に僕も変わってく<br>たとえばそこにこんな歌があれば<br>ふたりはいつもどんな時も つながっていける<br>突然ふいに鳴り響くベルの音<br>焦る僕 解ける手 離れてく君<br>夢中で呼び止めて 抱き締めたんだ<br>君がどこに行ったって僕の声で守るよ<br>君が僕の前に現れた日から<br>何もかもが違くみえたんだ<br>朝も光も涙も、歌う声も<br>君が輝きをくれたんだ<br>抑えきれない思いをこの声に乗せて<br>遠く君の街へ届けよう<br>たとえばそれがこんな歌だったら<br>ぼくらは何処にいたとしても つながっていける,7
wjoTmy3c16U,UgwgYYnYWh_Iuj4V0ht4AaABAg,@my_hobby_is,2019-04-20T08:32:43Z,僕は韓国人です。<br>韓国のユチュバーが歌ったこの曲を昨日初めて聞きました。<br>本当にいい曲ですね。<br>日本の曲ってすごいのばかりですね！,105
wjoTmy3c16U,UgzzFAO3Ln8dV-IpsiZ4AaABAg,@myo5476,2020-10-19T13:26:44Z,最高の名曲!!<br>素晴らしい歌声と歌詞!!,38
wjoTmy3c16U,UgzCWHlIxs8K6UBJmTx4AaABAg,@ナンシー-q2p,2019-04-28T12:55:06Z,キュン💟<br>スキマさんは、ホントに温かい包みこむような声だなぁ❤️,11
wjoTmy3c16U,Ugyr9cf4wKjEzRooy1F4AaABAg,@sukimasuchisawawa7231,2019-05-07T15:09:58Z,涙が出ます。いつの時代もいい曲は、、、♬,17
wjoTmy3c16U,UgxcPv9fBMu4T1LFR0l4AaABAg,@sora2779,2019-04-22T12:18:57Z,初めて聞いたのは、友人との深夜ドライブの時viweを聞いてから。<br>それから長い時間が流れましたが、節目で聞いて歌うのはスキマスイッチでした。<br>これからも応援してます。,10
wjoTmy3c16U,UgyI5Qs1Cos0p8fYIW94AaABAg,@おいなりさん-b3u,2019-05-22T10:43:36Z,あの頃もあったなって、懐かしく<br>感じるし、感動するわ,25
wjoTmy3c16U,UgwwRm1HZ2TMsZFW6yR4AaABAg,@山賀真弓,2025-04-30T04:39:52Z,素晴らしい曲です。2０24年猛暑でした７月おもい熱中症になり。３６キロまでやせて宿ホテルで療養してた頃、歌に救われてました。,2
wjoTmy3c16U,Ugx-m6RrG1TdvVqYdDp4AaABAg,@ronnachai4919,2020-06-05T17:40:07Z,この曲を10周年まで毎日聴いていることを曲のオーナーに伝えたいと思います。 今日まで日本が好きになりました 😊,14
wjoTmy3c16U,UgxYGkuef8EbKfAb47h4AaABAg,@コウヘイ-o7r,2020-10-14T01:49:22Z,アップありがとうございます。大好きなスキマスイッチの奏、フルで見て聴いて私は幸せです😊超名曲、最高😃⤴⤴です。,2
wjoTmy3c16U,UgxHvk8fO5XuGbKlrOt4AaABAg,@歌姫ばばあ,2024-06-28T11:27:44Z,大橋さん・常田さんの素敵なヴォーカル・ハーモニーに、とても癒され感謝の日々です。🎶🥰<br>昨年、父を自宅で看取りました。🥹彼女の事に拘らず、天国の父に届けと、川沿いでうたっています。,5
