video_id,title,published_at,view_count,like_count,comment_count,duration
EH6LVq_qTEE,ココイチで試してほしい組み合わせ🍛 #スキマスイッチ #このヘンまでやってみよう,2025-09-19T10:30:09Z,8155,132,0,PT21S
eaIiiYhYx5o,【公式】#229 ハマスカ放送部にリベンジ！＜後編＞「スキマスイッチのこのヘンまでやってみよう」,2025-09-19T10:01:15Z,4720,245,21,PT22M39S
gKwvysJmGyk,『OSAKA MUSIC LOVER EXPO ARENA 2025』Behind the Scenes🎥✨ #スキマスイッチ #大阪関西万博  #BTS,2025-09-19T03:00:55Z,16083,529,4,PT28S
49h21vAn_u8,#ハマスカ放送部 にリベンジ🍛🔥 #スキマスイッチ #ココイチ,2025-09-18T10:07:10Z,18006,144,2,PT14S
CKh8kj1dT7I,"「Lovin' Song」from スキマスイッチ TOUR 2024-2025 ""A museMentally""",2025-09-18T03:03:40Z,11107,558,4,PT24S
m9NYONsCuyU,【公式】#228 ハマスカ放送部にリベンジ！＜前編＞「スキマスイッチのこのヘンまでやってみよう」,2025-09-12T10:01:25Z,8035,320,15,PT20M19S
DgiMoVrwfcI,"「全力少年」from スキマスイッチ TOUR 2024-2025 ""A museMentally""",2025-09-10T10:36:46Z,28574,667,11,PT27S
KIcTjlCY6bU,【公式】#227  スキマフェスで聞いたファンの皆さんからの質問に回答！＜第12弾＞「スキマスイッチのこのヘンまでやってみよう」,2025-09-05T10:00:39Z,5412,321,17,PT14M43S
zoO8DjBIcoI,"「逆転トリガー」from スキマスイッチ TOUR 2024-2025""A museMentally""",2025-09-03T10:01:38Z,20981,633,13,PT26S
5SssR-sVXIc,#ドラえもん生誕祭2025 #スキマスイッチ #ボクノート 🦕,2025-09-03T03:00:04Z,12087,575,19,PT57S
JpZl9u-pklk,【公式】#226  スキマフェスで聞いたファンの皆さんからの質問に回答！＜第11弾＞「スキマスイッチのこのヘンまでやってみよう」,2025-08-29T10:00:39Z,7039,373,25,PT12M48S
kBnlav5nbg0,"「Ah Yeah!!」from スキマスイッチ TOUR 2024-2025 ""A museMentally""",2025-08-27T10:35:33Z,19304,604,12,PT31S
QZOQ27X723o,全国の高校球児の皆さんにリスペクトを込めて⚾️  #スキマスイッチ #スフィアの羽根 #甲子園,2025-08-23T04:01:20Z,41723,1282,21,PT31S
Bg9g18DC2kw,小田さんと...🤝 #スキマスイッチ #このヘンまでやってみよう,2025-08-22T11:12:30Z,19231,203,1,PT19S
OaT6P9HF6G4,【公式】#225  スキマフェスで聞いたファンの皆さんからの質問に回答！＜第10弾＞「スキマスイッチのこのヘンまでやってみよう」,2025-08-22T10:00:39Z,7890,359,16,PT15M17S
4qHvi3lH87c,"「クライマル」from スキマスイッチ TOUR 2024-2025 ""A museMentally""",2025-08-20T10:53:19Z,13645,478,16,PT28S
qrMQxEMvYwU,カニコロは大人？ #スキマスイッチ #このヘンまでやってみよう,2025-08-15T10:04:35Z,6932,144,2,PT33S
oIeRsdr_UpY,【公式】#224 みんなの興味を惹きつけろ！『教えて、大橋先生！』第2弾「スキマスイッチのこのヘンまでやってみよう」,2025-08-15T10:01:21Z,7790,351,48,PT16M16S
Z-iY_HTNfZQ,スキマスイッチ「奏（かなで）」MV2億回再生突破🎊　#スキマスイッチ#奏,2025-08-14T10:46:59Z,25840,831,16,PT1M
ojAAUQ81MpQ,"「ミスターカイト」 from スキマスイッチ TOUR 2024-2025 ""A museMentally"" #スキマスイッチ #SUKIMASWITCH",2025-08-13T12:04:10Z,20191,675,13,PT25S
bzikbv7VVcU,【公式】#223 みんなの興味を惹きつけろ！『教えて、常田先生！』第2弾「スキマスイッチのこのヘンまでやってみよう」,2025-08-08T10:01:10Z,8182,293,41,PT23M
iBJ4EoZWsXM,"「魔法がかかった日」 from スキマスイッチ TOUR 2024-2025 ""A museMentally"" #スキマスイッチ #SUKIMASWITCH",2025-08-07T10:32:45Z,41649,887,16,PT24S
ne-KtWqzAgE,"「ゼログラ」 fromスキマスイッチ TOUR 2024-2025 ""A museMentally"" #スキマスイッチ #SUKIMASWITCH",2025-08-06T06:41:57Z,18221,658,15,PT30S
Ji7ZGYsa16g,【公式】#222 スキマフェスで聞いたファンの皆さんからの質問に回答！＜第9弾＞「スキマスイッチのこのヘンまでやってみよう」,2025-08-01T10:00:37Z,8120,367,14,PT11M5S
DxLW9K09oV0,【公式】#221 紫蘇の可能性を探ろう！(おかず＆おつまみ編)「スキマスイッチのこのヘンまでやってみよう」,2025-07-25T10:00:32Z,9179,361,24,PT13M16S
Yt4r6030BZc,【公式】#220 紫蘇の可能性を探ろう！(おやつ編)「スキマスイッチのこのヘンまでやってみよう」,2025-07-18T10:21:32Z,16030,469,47,PT20M49S
ZwJ6A9WH3LM,【公式】#219 京都ロケに行ってみよう！(東映太秦映画村／車折神社)「スキマスイッチのこのヘンまでやってみよう」,2025-07-11T10:01:04Z,13463,565,69,PT23M36S
wYXvNCXpDgM,【公式】#218 フェスの裏話！（ごぶごぶフェス2025編）「スキマスイッチのこのヘンまでやってみよう」,2025-07-04T10:01:41Z,11825,470,23,PT11M39S
KT7F30grUo8,【公式】#217 フェスの裏話！（天津編）「スキマスイッチのこのヘンまでやってみよう」,2025-06-27T10:00:38Z,9493,432,20,PT11M47S
1vcd3X6w9Ho,【公式】#216 全国Tour 2024-2025 “A museMentally”を振り返ろう！ ＜後編＞「スキマスイッチのこのヘンまでやってみよう」,2025-06-20T10:00:04Z,11545,446,45,PT19M5S
bkPkrsGZf10,【公式】#215 全国Tour 2024-2025 “A museMentally”を振り返ろう！ ＜前編＞「スキマスイッチのこのヘンまでやってみよう」,2025-06-13T11:01:09Z,13449,563,57,PT24M37S
WB_dtXjcjao,LIVE Blu-ray『スキマフェス』Behind the Scenes ダイジェスト,2025-06-10T08:14:33Z,7345,339,9,PT3M1S
_pFi7dZFvGU,【公式】#214 スキマフェスで聞いたファンの皆さんからの質問に回答！＜第8弾＞「スキマスイッチのこのヘンまでやってみよう」,2025-06-06T10:01:03Z,8456,393,15,PT10M1S
NWZcDPF4Z_s,LIVE Blu-ray『スキマフェス』 コラボレーションパート ダイジェスト,2025-06-04T08:00:24Z,14036,450,11,PT2M4S
KteauLq1tOA,【公式】#213  スキマフェスで聞いたファンの皆さんからの質問に回答！＜第7弾＞「スキマスイッチのこのヘンまでやってみよう」,2025-05-30T10:00:38Z,8851,389,64,PT10M27S
IBFCCwE-StM,2025.5.28 #スキマスイッチ 『ショートショートフィルムフェスティバル & アジア2025』,2025-05-30T07:35:39Z,20955,914,25,PT59S
ODD-6n_Yx3M,LIVE Blu-ray『スキマフェス』 スキマスイッチDAY2 ダイジェスト,2025-05-28T08:00:33Z,11711,474,24,PT1M47S
tuSpHrgMXL4,【公式】#212  スキマフェスで聞いたファンの皆さんからの質問に回答！＜第6弾＞「スキマスイッチのこのヘンまでやってみよう」,2025-05-23T10:01:38Z,11899,519,61,PT14M5S
rlAJw5FrROk,LIVE Blu-ray『スキマフェス』 スキマスイッチDAY1 ダイジェスト,2025-05-21T08:00:59Z,13319,541,14,PT1M59S
T0Jgr7Ut-Sw,【公式】 #211 世界記録に挑戦！ファミコン世界大会 ＜後編＞ スキマスイッチのこのヘンまでやってみよう,2025-05-16T10:00:51Z,8663,354,34,PT19M28S
EYmztHJCc68,【公式】 #210 世界記録に挑戦！ファミコン世界大会 ＜前編＞ スキマスイッチのこのヘンまでやってみよう,2025-05-09T10:00:30Z,10864,436,39,PT20M28S
injQi_JzV8Q,スキマスイッチ 「あの日の虹と僕らのアンセム」 Official Audio,2025-05-07T06:34:51Z,46100,1149,38,PT4M7S
Z5CfqKVFebM,【公式】 #209 デモ音源を聴きまくろう！＜第6弾／後編＞ スキマスイッチのこのヘンまでやってみよう,2025-05-02T10:01:03Z,30632,960,80,PT24M7S
psu5k_ER8iE,【公式】 #208 デモ音源を聴きまくろう！＜第6弾／前編＞ スキマスイッチのこのヘンまでやってみよう,2025-04-25T10:01:25Z,19574,729,75,PT24M33S
8G2brIyPVTs,【公式】#207  スキマフェスで聞いたファンの皆さんからの質問に回答！＜第5弾＞「スキマスイッチのこのヘンまでやってみよう」,2025-04-18T10:00:23Z,10312,499,18,PT13M38S
G0pKMB2mocM,#本日の全力少年＠神奈川県・パシフィコ横浜 国立大ホール,2025-04-14T16:22:34Z,26547,739,16,PT34S
OX1WY5C0gbI,【公式】#206  みんなの興味を惹きつけろ！『教えて、大橋先生！』「スキマスイッチのこのヘンまでやってみよう」,2025-04-11T10:00:41Z,13094,506,81,PT18M29S
r2fIwz9ebR8,【公式】#205  みんなの興味を惹きつけろ！『教えて、常田先生！』「スキマスイッチのこのヘンまでやってみよう」,2025-04-04T10:01:13Z,11708,433,25,PT18M29S
qv7BQrGOgCU,#奏（かなで）／ #スキマスイッチ,2025-03-31T10:01:47Z,41129,1148,33,PT1M
jz2qCKwEe_s,#本日の全力少年＠北海道・網走市民会館,2025-03-29T14:38:15Z,26241,662,16,PT35S
cjLOO0tX8Uk,【公式】#204 VRの世界を体験しよう！「スキマスイッチのこのヘンまでやってみよう」,2025-03-28T10:00:51Z,9606,461,25,PT18M
JkcpcXQ8uy4,#本日の全力少年＠北海道・札幌文化芸術劇場 hitaru,2025-03-27T14:55:05Z,8961,526,7,PT35S
OhCwXD_8-fI,#本日の全力少年＠北海道・名寄市民文化センター EN-RAY HALL,2025-03-25T13:50:41Z,10597,501,10,PT34S
ykjZCEqeH5w,【公式】#203 アーティスト名言クイズ！！＜洋楽編＞「スキマスイッチのこのヘンまでやってみよう」,2025-03-21T10:01:24Z,10224,434,45,PT16M8S
fDWEL5XhAOo,#本日の全力少年＠石川県・本多の森 北電ホール,2025-03-15T13:07:29Z,10347,454,4,PT31S
TGSIQ8jYSMg,スキマスイッチ「Lovin’ Song」Music Video,2025-03-14T11:00:43Z,71836,1202,62,PT7M7S
7i0SqKFhLTQ,【公式】#202 アーティスト名言クイズ！！＜邦楽編＞「スキマスイッチのこのヘンまでやってみよう」,2025-03-14T10:00:09Z,14419,545,26,PT15M48S
n5jYSK-ejrY,#本日の全力少年＠長野県・塩尻市文化会館レザンホール,2025-03-13T14:59:45Z,9634,503,7,PT31S
kVLAmFHMuBU,#本日の全力少年 ＠アミューズメント佐渡,2025-03-08T12:34:10Z,8124,567,4,PT30S
NdUffsfB48k,【公式】#201 スキマフェスで聞いたファンの皆さんからの質問に回答！＜第4弾＞「スキマスイッチのこのヘンまでやってみよう」,2025-03-07T10:00:27Z,12676,553,39,PT13M9S
43dyA1K-Be8,#本日の全力少年＠高崎芸術劇場,2025-03-03T04:01:07Z,7599,481,6,PT36S
1OkstNyiqfM,#本日の全力少年＠茨城県・水戸市民会館 グロービスホール,2025-03-01T17:02:46Z,6228,385,5,PT28S
hLlDkxAM1qw,【公式】#200 祝！配信200回記念！視聴者が選んだ『このヘンまで』ベスト5!!「スキマスイッチのこのヘンまでやってみよう」,2025-02-28T10:00:52Z,15968,731,66,PT21M43S
G3xlAErQjeM,#本日の全力少年 ＠宮崎県・都城市総合文化ホール,2025-02-25T15:50:40Z,5430,427,3,PT34S
ZaabWAcoUA4,#本日の全力少年＠ 熊本県・市民会館シアーズホーム夢ホール,2025-02-24T13:26:41Z,8940,570,21,PT30S
bIwh0no96Kk,#本日の全力少年＠ 福岡県・福岡サンパレス,2025-02-22T12:52:51Z,8918,593,14,PT1M
zHDFM9N1QIY,【公式】#199 どっちのグルテンフリーショー  ＜後編＞「スキマスイッチのこのヘンまでやってみよう」,2025-02-21T10:01:16Z,9003,426,22,PT15M12S
-29NR48c_Dk,#本日の全力少年＠大分県・別府ビーコンプラザ,2025-02-20T15:51:55Z,3464,198,5,PT1M10S
mWyAGEW7kh4,#本日の全力少年 ＠香川県・レクザムホール,2025-02-16T12:27:42Z,10829,535,14,PT35S
0KjtNOsh3Ns,#本日の全力少年 ＠しこちゅ～ホール,2025-02-15T15:46:38Z,5784,417,4,PT30S
6vJwbF7ivFc,【公式】#198 どっちのグルテンフリーショー  ＜前編＞「スキマスイッチのこのヘンまでやってみよう」,2025-02-14T10:00:06Z,12902,534,40,PT18M22S
9R9j90O-rZM,#本日の全力少年 ＠仙台サンプラザホール,2025-02-12T04:56:59Z,7471,514,12,PT31S
IIIDVfqwWrE,#本日の全力少年 ＠荘銀タクト鶴岡公演,2025-02-09T14:21:26Z,6913,430,1,PT31S
4al3KmPr95w,【公式】#197  スキマスイッチのおじさん度チェック！＜後編＞「スキマスイッチのこのヘンまでやってみよう」,2025-02-07T10:00:04Z,16067,598,48,PT12M12S
fwFA7RlvpFA,#本日の全力少年 ＠NHKホール公演,2025-02-05T14:11:37Z,6729,516,9,PT36S
bjO5Zd0eTK0,#本日の全力少年 ＠バロー文化ホール公演,2025-02-02T13:44:11Z,6238,436,4,PT31S
-wKfJRr-s_U,#本日の全力少年 ＠沼津市民文化センター公演,2025-02-01T13:10:04Z,7993,503,9,PT29S
Y8BeQU9kJ_w,【公式】#196  スキマスイッチのおじさん度チェック！＜前編＞「スキマスイッチのこのヘンまでやってみよう」,2025-01-31T10:00:45Z,18954,731,58,PT12M3S
DyY-B5Wbxu0,#本日の全力少年 ＠ロームシアター京都公演,2025-01-27T14:20:19Z,7835,561,8,PT35S
cgAT9p5R8KY,#本日の全力少年 #スキマスイッチ TOUR 2024-2025 “A museMentally”（1/25(土) 明石市民会館公演） #Shorts,2025-01-25T13:39:44Z,7943,332,12,PT1M8S
8_uH-APyiAs,【公式】#195 スキマフェスで聞いたファンの皆さんからの質問に回答！＜第3弾＞「スキマスイッチのこのヘンまでやってみよう」,2025-01-24T10:10:54Z,15272,528,31,PT11M5S
DYt0R_yO0-A,#本日の全力少年 ＠オリックス劇場公演Day2公演,2025-01-23T14:18:24Z,7315,424,5,PT30S
7hSsgucBW-E,#本日の全力少年 ＠オリックス劇場公演Day1公演,2025-01-22T14:50:15Z,6583,486,4,PT33S
JjvSQO6KQpk,【公式】#194 ちょっと変わった裁判事件簿＆歌ってもらってみた！（ゲスト：こたけ正義感さん）　スキマスイッチのこのヘンまでやってみよう,2025-01-17T10:00:31Z,54711,1800,110,PT16M49S
ktjJfYUYnuI,#本日の全力少年 ＠昭和音楽大学 テアトロ･ジーリオ･ショウワ公演,2025-01-11T14:51:34Z,6847,474,5,PT37S
Umxh05EvzvE,【公式】#193 アルバム「A museMentally」の歌詞をこたけ正義感がリーガルチェック！ 　スキマスイッチのこのヘンまでやってみよう,2025-01-10T10:08:51Z,109827,2847,140,PT20M16S
ayRodorFXMI,【公式】#192 攻める占い師Love Me Doさんが占う、スキマスイッチ2025年の運勢を聞いてみよう！　スキマスイッチのこのヘンまでやってみよう,2025-01-03T10:01:21Z,81299,1915,69,PT25M34S
9qTyhR83K_w,【公式】#191 2024年ラスト配信！忘年会で今年を振り返ってみよう！ スキマスイッチのこのヘンまでやってみよう,2024-12-27T10:01:08Z,17911,735,58,PT20M34S
AjK4RdxVelI,【公式】#190 sumikaに贈る！ひじきパーティー！「スキマスイッチのこのヘンまでやってみよう」,2024-12-20T11:37:08Z,21152,834,45,PT11M28S
SEUSnRFqFa4,#本日の全力少年＠名古屋国際会議場センチュリーホール公演,2024-12-14T12:59:25Z,10248,567,8,PT31S
3opECEN6b1o,【公式】#189 スキマフェスで聞いたファンの皆さんからの質問に回答！＜第2弾＞「スキマスイッチのこのヘンまでやってみよう」,2024-12-13T10:00:05Z,13776,505,25,PT10M39S
iCkUFw0xrGs,#本日の全力少年 #スキマスイッチ TOUR 2024-2025 “A museMentally”（12/8(日) 宇都宮市文化会館公演）,2024-12-08T13:26:38Z,9095,473,7,PT36S
ihWBXe090Pg,【公式】#188 さや香さんゲスト回の未公開シーン祭り！ スキマスイッチのこのヘンまでやってみよう,2024-12-06T10:00:46Z,16595,591,25,PT9M55S
9Bm_5WMXDQ0,#本日の全力少年 #スキマスイッチ TOUR 2024-2025 “A museMentally”（12/4(水) 神戸国際会館公演）,2024-12-04T14:05:21Z,7926,488,10,PT36S
YO-_gxxPxAU,#本日の全力少年 #スキマスイッチ TOUR 2024-2025 “A museMentally”（12/3(火) 恵那文化センター公演）,2024-12-03T14:12:43Z,8389,416,5,PT38S
a513IGNf0dw,#本日の全力少年 #スキマスイッチ TOUR 2024-2025 “A museMentally”（12/1(日) 周南文化会館公演）,2024-12-01T13:05:12Z,7981,479,12,PT40S
Nq0wCYRL9xc,#本日の全力少年 #スキマスイッチ TOUR 2024-2025 “A museMentally”（11/30(土) 呉信用金庫ホール公演）,2024-11-30T12:20:55Z,8268,478,3,PT35S
R4EvbJ7QxaQ,【公式】#187 スキマフェスで聞いたファンの皆さんからの質問に回答！＜第1弾＞「スキマスイッチのこのヘンまでやってみよう」,2024-11-29T10:00:33Z,15907,581,30,PT14M31S
bSUAekuIpLA,#本日の全力少年 #スキマスイッチ TOUR 2024-2025 “A museMentally”（11/28(木) 岡山芸術創造劇場ハレノワ）,2024-11-28T14:13:59Z,9109,435,8,PT30S
LRRs-GEyZoY,#本日の全力少年 #スキマスイッチ TOUR 2024-2025 “A museMentally”（11/24(日 )いわき芸術文化交流館アリオス）,2024-11-25T07:46:13Z,8037,452,11,PT35S
8sirkx6oEGc,#本日の全力少年 #スキマスイッチ TOUR 2024-2025 “A museMentally”（11/23(土) 奥州市文化会館Zホール）,2024-11-24T13:36:36Z,8180,374,6,PT50S
7Xk7b4nE5sI,【公式】#186 エネルギー追跡の旅！スキマスイッチのこのヘンまでやってみよう,2024-11-22T10:00:06Z,15918,576,35,PT37M18S
AHvGPgLkzDg,【公式】#185 JOYSOUNDコラボ企画『大橋卓弥選手権』！＜後編＞ スキマスイッチのこのヘンまでやってみよう,2024-11-15T10:00:15Z,27254,615,41,PT23M20S
KsshO_WwBaA,#本日の全力少年 #スキマスイッチ TOUR 2024-2025 “A museMentally”（11/8(金) 相模女子大学グリーンホール）,2024-11-08T17:14:32Z,7688,501,3,PT35S
A9Z1LlHnm8w,【公式】#184 JOYSOUNDコラボ企画『大橋卓弥選手権』！＜前編＞ スキマスイッチのこのヘンまでやってみよう,2024-11-08T10:00:08Z,24089,657,34,PT19M47S
Wh97rIDw5CM,【公式】#183 全国ツアーロケハン2024！＜後編＞ スキマスイッチのこのヘンまでやってみよう,2024-11-01T10:00:35Z,12013,399,22,PT12M23S
LKAuSCdX_O0,【公式】#182 全国ツアーロケハン2024！＜前編＞ スキマスイッチのこのヘンまでやってみよう,2024-10-25T10:00:21Z,18169,521,28,PT19M7S
ae7jJBzGoxQ,【公式】 #181 見せ算クイズに挑戦！＆歌ってもらってみた！（ゲスト：さや香さん） スキマスイッチのこのヘンまでやってみよう,2024-10-18T10:03:55Z,111565,3117,195,PT17M25S
0_GmlqbbCgo,【公式】 #180 本人の前でスキマスイッチネタを披露！（ゲスト：さや香さん） スキマスイッチのこのヘンまでやってみよう,2024-10-11T10:00:02Z,222012,3474,128,PT20M54S
Am60IK2HPVw,【公式】 #179 スキマフェス打ち上げ第2部！出演アーティストクイズ！＜後編＞ スキマスイッチのこのヘンまでやってみよう,2024-10-04T09:59:31Z,29064,781,39,PT31M16S
MYJdoCvGuwI,【公式】 #178 スキマフェス打ち上げ第2部！出演アーティストクイズ！＜前編＞ スキマスイッチのこのヘンまでやってみよう,2024-09-27T10:00:29Z,30210,900,30,PT25M18S
83IBqaSzi-o,【公式】 #177 スキマフェス振り返り反省会！？ ＜後編＞ スキマスイッチのこのヘンまでやってみよう,2024-09-20T10:00:12Z,19260,647,44,PT26M13S
fV1H-SR6zR8,【公式】 #176 スキマフェス振り返り反省会！？ ＜中編＞ スキマスイッチのこのヘンまでやってみよう,2024-09-13T10:00:52Z,20584,665,51,PT26M14S
cCVT-LeU4mw,【公式】 #175  スキマフェス振り返り反省会！？ ＜前編＞ スキマスイッチのこのヘンまでやってみよう,2024-09-06T10:00:41Z,26205,894,60,PT27M16S
IRB9FC_zDIU,【公式】#174 緊急撮って出し配信！！ スキマスイッチのこのヘンまでやってみよう,2024-08-30T10:00:25Z,16966,738,76,PT24M6S
U6WisYe5Yls,【公式】#173 マリオパーティ20番勝負！！＜後編＞ スキマスイッチのこのヘンまでやってみよう,2024-08-23T10:00:28Z,13134,486,38,PT19M
g1XSTnC09yg,【公式】#172 マリオパーティ20番勝負！！＜中編＞ スキマスイッチのこのヘンまでやってみよう,2024-08-16T10:00:43Z,15964,497,37,PT18M12S
WhOawDRMXuM,#スキマスイッチ #逆転トリガー,2024-08-15T09:00:19Z,30721,1978,18,PT39S
viA_8QRJ2eY,テレ東系2024アスリート応援ソング「逆転トリガー」配信中🎧 #スキマスイッチ #逆転トリガー #オリンピック #SUKIMASWITCH #olympics,2024-08-12T05:10:16Z,13524,582,10,PT37S
dMrCEHOusvg,【公式】#171 音声会話型AIとおしゃべりしよう！ スキマスイッチのこのヘンまでやってみよう,2024-08-09T10:00:41Z,22353,783,51,PT16M34S
ahnZTMBWE98,スキマフェス Making Movie,2024-08-06T09:00:03Z,37160,1414,78,PT3M45S
5S3P2CXg-Jc,【公式】#170 FANTASTICS 中島颯太さん持ち込み企画！！『クイズ！何の生活音でしょう？ 』スキマスイッチのこのヘンまでやってみよう,2024-08-02T10:00:05Z,29580,1250,71,PT24M17S
ge4dXc_ew_4,【公式】#169 FANTASTICS 中島颯太さんが選ぶ『このヘンBEST5』！！ スキマスイッチのこのヘンまでやってみよう,2024-07-26T10:00:42Z,42501,1588,80,PT19M20S
n0leyUlCS7I,【公式】#168 New Album『A museMentally』視聴会＜後編＞ スキマスイッチのこのヘンまでやってみよう,2024-07-19T10:00:53Z,27217,825,82,PT21M
2a1xyGlQvhU,【公式】#167 New Album『A museMentally』視聴会＜前編＞ スキマスイッチのこのヘンまでやってみよう,2024-07-12T11:00:02Z,31403,856,60,PT21M7S
H9LkuqXapb4,スキマスイッチ「逆転トリガー」Music Video公開直前配信ライブ！,2024-07-10T11:02:48Z,16711,612,7,PT17M56S
i01Epc0zoVM,スキマスイッチ「逆転トリガー」Music Video - SUKIMASWITCH,2024-07-10T11:00:06Z,660783,4419,366,PT4M37S
naE1A1goqvU,【公式】#166 スキマフェス直前！サシ飲み真夏の雑談決起集会！！＜後編＞ スキマスイッチのこのヘンまでやってみよう,2024-07-05T10:13:45Z,25452,841,98,PT35M36S
Hu9hDfB7jYE,スキマスイッチ 10th Album『A museMentally』全曲ダイジェスト,2024-07-04T11:00:17Z,50051,1362,96,PT2M32S
F4JTJzsPsX4,【公式】#165 スキマフェス直前！サシ飲み真夏の雑談決起集会！！＜前編＞ スキマスイッチのこのヘンまでやってみよう,2024-06-28T10:00:24Z,36042,1044,98,PT35M33S
V561b18h3os,【公式】#164 コミュ力チェック！『どっちのコミュ力ショー！』＜後編＞ スキマスイッチのこのヘンまでやってみよう,2024-06-21T10:00:25Z,15036,525,25,PT12M19S
idQ7FqtbtVk,スキマスイッチ「クライマル」Lyric Video,2024-06-19T12:00:44Z,253298,2954,227,PT5M45S
Q8MLljrgqQE,【公式】#163 コミュ力チェック！『どっちのコミュ力ショー！』＜前編＞ スキマスイッチのこのヘンまでやってみよう,2024-06-14T10:00:23Z,18060,616,61,PT14M16S
sS8AlDH96-c,【公式】#162 マリオパーティ20番勝負！！＜前編＞ スキマスイッチのこのヘンまでやってみよう,2024-06-07T10:00:52Z,21870,688,81,PT17M
siz9NDt9hqc,スキマスイッチ 10th Album『A museMentally』RISING SUN ROCK FESTIVAL 2023(2023.8.12 on RED STAR FIELD)ダイジェスト映像,2024-06-02T11:55:00Z,16902,409,7,PT2M7S
_Cik004UAgE,スキマスイッチ 10th Album『A museMentally』MINAMI WHEEL 2023(2023.10.9 at SUNHALL) ダイジェスト映像,2024-06-02T06:31:19Z,18227,464,19,PT1M17S
xU3uEYVtYvE,"スキマスイッチ 10th Album『A museMentally』Documentary of ""Recording"" ダイジェスト映像",2024-06-01T09:00:46Z,23702,767,45,PT2M10S
GAfq_pR53F8,【公式】 #161 カロリーを当てろ！CoCo壱2000！！ スキマスイッチのこのヘンまでやってみよう,2024-05-31T10:00:11Z,16592,550,37,PT14M58S
VQoo7FBbJ5M,【公式】 #160 有名チェーン店のカレー当てクイズ！ スキマスイッチのこのヘンまでやってみよう,2024-05-24T10:00:29Z,18878,520,38,PT16M5S
7vtOi26Xybs,SUKIMASWITCH 20th Anniversary Tribute Album『みんなのスキマスイッチ』全曲ダイジェスト,2024-05-23T09:28:49Z,131932,3389,203,PT4M54S
upEAlbLuRp0,【公式】 #159   スキマフェスのケータリングを考えよう！＜後編＞スキマスイッチのこのヘンまでやってみよう,2024-05-17T10:00:51Z,21657,570,39,PT10M12S
qVZDeA8m47E,スキマスイッチ「Ah Yeah!!」／アニメ「ハイキュー!!」オープニング曲,2024-05-12T05:41:23Z,35077,1346,20,PT37S
ld5VcNcfs5E,【公式】 #158   スキマフェスのケータリングを考えよう！＜前編＞スキマスイッチのこのヘンまでやってみよう,2024-05-10T10:00:01Z,25555,663,41,PT16M32S
vPDA9Adx-us,【公式】#157 R-1グランプリ2024王者の街裏ぴんくさん凱旋！！＜後編＞　スキマスイッチのこのヘンまでやってみよう,2024-05-03T10:04:45Z,17333,543,58,PT15M22S
pK3Mvo_gEOk,【公式】#156 R-1グランプリ2024王者の街裏ぴんくさん凱旋！！＜前編＞　スキマスイッチのこのヘンまでやってみよう,2024-04-26T10:00:49Z,12046,408,27,PT16M23S
5wcQmDJWVvc,SUKIMA SWITCH ANIME PLAYLIST,2024-04-24T04:04:47Z,23509,2563,4,PT45S
b0-y_r5enEY,SUKIMA SWITCH ANIME PLAYLIST,2024-04-24T04:04:44Z,33595,3071,1,PT45S
BdBjOnzu0gI,SUKIMA SWITCH ANIME PLAYLIST,2024-04-24T04:04:42Z,18008,1923,4,PT45S
bW23MxuX5AI,SUKIMA SWITCH DIGEST,2024-04-21T03:00:30Z,13522,1293,2,PT45S
bQSJFbsob6k,SUKIMA SWITCH DIGEST,2024-04-21T03:00:19Z,22380,6252,0,PT45S
9yNdhhwPNVs,SUKIMA SWITCH DIGEST,2024-04-21T03:00:05Z,14096,5022,4,PT45S
CAP_OUMRcAM,SUKIMA SWITCH DIGEST,2024-04-21T03:00:05Z,51417,15398,5,PT45S
6LkMIo6vfrw,SUKIMA SWITCH DIGEST,2024-04-21T03:00:03Z,27437,6813,7,PT45S
0oozDTSk9UE,SUKIMA SWITCH DIGEST,2024-04-21T03:00:01Z,22617,1674,3,PT45S
6dztWXQ3Prw,【公式】#155 常滑市で有名な招き猫を作ってみよう！　スキマスイッチのこのヘンまでやってみよう,2024-04-19T10:00:08Z,16016,604,66,PT13M40S
RdKPkOOMagA,"スキマスイッチ『SUKIMASWITCH 20th Anniversary""POPMAN’S WORLD 2023 Premium"" THE MOVIE 〜HOBO KANZENBAN〜』ダイジェスト",2024-04-16T10:00:19Z,50042,1094,45,PT5M8S
rZP668OoD8w,【公式】#154 音楽のお悩み相談 スキマクリニック第2弾＜その③＞　スキマスイッチのこのヘンまでやってみよう,2024-04-12T10:00:46Z,14315,460,27,PT20M39S
CiZdbsqeCVc,【公式】#153  「雑談力」を鍛えよう！＜後編＞  スキマスイッチのこのヘンまでやってみよう,2024-04-05T10:00:09Z,11895,487,28,PT14M11S
COZeJMlU6eY,【公式】 #152 「雑談力」を鍛えよう！＜前編＞  スキマスイッチのこのヘンまでやってみよう,2024-03-29T10:00:16Z,17643,605,75,PT18M21S
nVwuMS2LX3Y,【360 Reality Audio】スキマスイッチ「奏（かなで）」Live at Asylum Chapel (South London)／SUKIMASWITCH - Kanade,2024-03-27T10:00:41Z,117797,1436,52,PT5M10S
lf0yflLdBbo,スキマスイッチ「奏（かなで）」Live at Asylum Chapel (South London)／SUKIMASWITCH - Kanade,2024-03-27T10:00:38Z,1616052,8846,211,PT5M2S
SxKLnif9IMo,【360 Reality Audio】スキマスイッチ「未来花 for Anniversary」／SUKIMASWITCH - Miraika for Anniversary,2024-03-27T10:00:32Z,34502,755,24,PT6M17S
0d9_MrqaVpI,【公式】 #151  スキマフェス出演アーティストを語り尽くす！＜後編＞スキマスイッチのこのヘンまでやってみよう,2024-03-22T10:00:00Z,38221,932,50,PT15M23S
oSAOvfsIWj0,【公式】 #150  スキマフェス出演アーティストを語り尽くす！＜前編＞スキマスイッチのこのヘンまでやってみよう,2024-03-15T10:00:45Z,60294,1227,80,PT18M13S
CMLOQSbOlZo,カラオケJOYSOUNDで3/14(木)よりMV別ver.順次配信スタート🎥 #スキマスイッチ #LovinSong #おっさんずラブ,2024-03-14T10:25:01Z,30903,1486,13,PT47S
bWS74KKf_vI,【公式】 #149 AIに新曲「Lovin' Song」の意見を聞いてみよう！ スキマスイッチのこのヘンまでやってみよう,2024-03-08T10:00:26Z,26795,870,50,PT16M16S
E6dRRj7XGOw,【公式】 #148 デモ音源を聴きまくろう！＜第5弾＞ スキマスイッチのこのヘンまでやってみよう,2024-03-01T10:44:00Z,25486,884,92,PT15M9S
grA-Vbe2_98,スキマスイッチ「Lovin' Song」#スキマスイッチ #lovinsong #おっさんずラブ,2024-03-01T08:33:08Z,69714,5000,20,PT53S
z7rH0uNOD50,#スキマスイッチ #LovinSong,2024-02-26T11:46:06Z,95409,5914,35,PT47S
XnhRCHPJ2I8,【公式】 #147 MVで振り返る「俺のベストシーン」第2弾＜後編＞ スキマスイッチのこのヘンまでやってみよう,2024-02-23T10:03:53Z,37662,1117,120,PT15M52S
Hay72NJSveQ,スキマスイッチ「Lovin' Song」Behind The Scene,2024-02-19T10:00:10Z,63848,3098,81,PT5M36S
4w7jaS3dTNU,【公式】 #146 MVで振り返る「俺のベストシーン」第2弾＜前編＞ スキマスイッチのこのヘンまでやってみよう,2024-02-16T10:00:03Z,41537,1152,77,PT18M20S
rVQUp5vyH9M,【公式】 #145 第3回 スキマお悩み相談室＜その③＞ スキマスイッチのこのヘンまでやってみよう,2024-02-09T10:00:41Z,21422,641,32,PT12M
W7nq_5z7400,「おっさんずラブ-リターンズ-」第５話　#おっさんずラブ #LovinSong #スキマスイッチ #ossanslove #Shorts,2024-02-09T09:45:34Z,41679,1766,8,PT31S
Jkog1BapGlQ,【公式】#144 さらば青春の光森田先生のYouTubeヒット企画講座！＜後編＞ スキマスイッチのこのヘンまでやってみよう,2024-02-02T10:00:12Z,109793,3146,378,PT18M54S
FyGPaCyd45U,「おっさんずラブ-リターンズ-」第4話　#おっさんずラブ #LovinSong #スキマスイッチ #ossanslove #Shorts,2024-01-26T11:43:57Z,9981,448,2,PT31S
7wYaD3DTC4c,【公式】#143 さらば青春の光森田先生のYouTubeヒット企画講座！ スキマスイッチのこのヘンまでやってみよう,2024-01-26T10:00:09Z,113591,2548,182,PT15M48S
xnnNICwCv-c,【公式】#142 スキマスイッチのライブをこたけ正義感がリーガルチェック！ スキマスイッチのこのヘンまでやってみよう,2024-01-19T10:00:53Z,164006,3496,128,PT14M21S
FiTJc1Joq98,【公式】#141 スキマスイッチの歌詞をこたけ正義感がリーガルチェック！ スキマスイッチのこのヘンまでやってみよう,2024-01-12T10:00:12Z,504263,8823,308,PT15M59S
FUdwGAYhXio,スキマスイッチ「Lovin’ Song」#おっさんずラブ #ossanslove #shorts,2024-01-09T10:00:10Z,16552,1369,18,PT50S
8BCXfs1jDjE,#おっさんずラブ の主題歌となっている「Lovin' Song」の配信スタートしました‼️ https://SUKIMASWITCH.lnk.to/LovinSong #スキマスイッチ #新曲解禁だお,2024-01-05T15:25:18Z,29173,1652,26,PT50S
WKenMg9p3Xs,【公式】#140 攻める占い師Love Me Doさんが占う、スキマスイッチ2024年の運勢を聞いてみよう！　スキマスイッチのこのヘンまでやってみよう,2024-01-05T10:00:32Z,56329,1406,68,PT23M24S
dSeJapijfDw,【公式】#139 2023年ラスト配信！忘年会で今年を振り返ってみよう！ スキマスイッチのこのヘンまでやってみよう,2023-12-29T10:00:29Z,28279,913,134,PT17M33S
XH72TB6qiwQ,【公式】#138 音楽のお悩み相談 スキマクリニック第2弾＜その②＞　スキマスイッチのこのヘンまでやってみよう,2023-12-22T10:00:49Z,17977,555,27,PT11M54S
SecgCJcndzQ,【公式】#137 ご褒美ハンバーク当てクイズ！ スキマスイッチのこのヘンまでやってみよう,2023-12-15T10:00:15Z,18835,554,57,PT16M49S
xhJFk55PA7Y,【公式】 #136 第3回 スキマお悩み相談室＜その②＞ スキマスイッチのこのヘンまでやってみよう,2023-12-08T10:00:48Z,22653,699,56,PT11M28S
40UaazEDibM,【公式】#135 音楽のお悩み相談 スキマクリニック第2弾　スキマスイッチのこのヘンまでやってみよう,2023-12-01T10:46:39Z,16938,683,51,PT12M
z92NXxeTCk0,#スキマスイッチ #AhYeah_20thツアー #本日のAhYeah,2023-11-25T14:09:44Z,19610,944,17,PT50S
oUL6RJGorqQ,#スキマスイッチ #AhYeah_20thツアー #本日のAhYeah,2023-11-25T14:09:39Z,8794,664,11,PT50S
QAXhCDpD774,【公式】 #134 デモ音源を聴きまくろう！＜第4弾＞ スキマスイッチのこのヘンまでやってみよう,2023-11-24T10:00:22Z,20245,784,74,PT11M34S
Aqprla0PGqA,【公式】 #133 AIに歌詞の意見を聞いてみよう！ スキマスイッチのこのヘンまでやってみよう,2023-11-17T10:00:08Z,19192,733,41,PT14M18S
K0WWoT9AIhY,【公式】 #132 第3回 スキマお悩み相談室＜その①＞ スキマスイッチのこのヘンまでやってみよう,2023-11-10T10:00:26Z,21862,758,100,PT12M31S
eHNlSzJWszk,【公式】 #131 成城石井のレアカレー当てクイズ！ スキマスイッチのこのヘンまでやってみよう,2023-11-03T10:00:27Z,18679,635,71,PT16M17S
VItrrSia3z4,【公式】 #130 デモ音源を聴きまくろう！＜第3弾＞ スキマスイッチのこのヘンまでやってみよう,2023-10-27T10:00:22Z,26637,767,67,PT15M34S
lNzsFGjdwvU,【公式】 #129 MVで振り返る「俺のベストシーン」＜後編＞ スキマスイッチのこのヘンまでやってみよう,2023-10-20T10:01:03Z,33713,957,99,PT12M43S
IMvdaYfxGbc,【公式】#128 MVで振り返る「俺のベストシーン」＜前編＞,2023-10-13T10:00:26Z,43088,1178,91,PT17M47S
UvcclQc4JWM,【公式】 #127 デモ音源を聴きまくろう！＜第2弾＞ スキマスイッチのこのヘンまでやってみよう,2023-10-06T10:00:31Z,22871,715,41,PT11M46S
JHj9o4qEP0U,Sukimaswitch - Kotoba-Rhythm - #shorts,2023-10-02T10:16:04Z,9970,585,6,PT36S
ccGvmF0FO1I,Sukimaswitch - Kotoba-Rhythm - #shorts,2023-10-02T10:15:58Z,5098,482,9,PT36S
_S0aj0Bh1GI,【公式】#126 スキマの20年はどーだったのか聞いてみよう！（カメラマン岩佐篤樹＜後編＞） スキマスイッチのこのヘンまでやってみよう,2023-09-29T09:00:24Z,24891,774,38,PT12M25S
kmZ_SAO5jrQ,スキマスイッチ - コトバリズム - / Sukimaswitch - Kotoba-Rhythm - #shorts,2023-09-27T09:01:06Z,15009,933,16,PT36S
1UinUnyzyL4,【公式】#125 スキマの20年はどーだったのか聞いてみよう！（カメラマン岩佐篤樹＜前編＞） スキマスイッチのこのヘンまでやってみよう,2023-09-22T10:00:02Z,23844,654,43,PT14M50S
Al0CMCQyewI,#AhYeah_20thツアー 9/18(月)岡山県 岡山市民会館,2023-09-18T12:22:52Z,15206,491,5,PT38S
1hWRsaKmIVY,#AhYeah_20thツアー 9月16日(土)愛知県 名古屋市公会堂,2023-09-16T13:10:01Z,13049,499,7,PT36S
r6BR-7jrmTM,【公式】 #124 デモ音源を聴きまくろう！ スキマスイッチのこのヘンまでやってみよう,2023-09-15T10:00:44Z,29794,1069,142,PT16M15S
lUdTj0UQNyE,#AhYeah_20thツアー 9/13(水)高知民文化オレンジホール,2023-09-13T15:19:52Z,9022,405,4,PT38S
UezQjX813CE,【360 Reality Audio】スキマスイッチ「藍」 Live at Asylum Chapel (South London)／SUKIMASWITCH - Ai,2023-09-12T11:00:18Z,425990,1569,43,PT4M54S
RyBCAExufpk,SUKIMASWITCH / Ah Yeah!!  〜20th  Anniversary “POPMAN’S WORLD 2023”〜,2023-09-11T07:29:03Z,868,36,1,PT2M23S
-sthisIXheA,【公式】 #123 目指せ、名誉挽回！「だし当てクイズ」 スキマスイッチのこのヘンまでやってみよう,2023-09-08T10:00:00Z,17264,521,27,PT20M53S
chm-JousA9I,#スキマスイッチ #雫 #sukimaswitch  #shorts,2023-09-08T00:00:13Z,128940,3727,33,PT18S
dUcIHYVsIZ0,【公式】#122 スキマお悩み相談室＜後編＞ スキマスイッチのこのヘンまでやってみよう,2023-09-01T10:00:35Z,25059,739,45,PT15M39S
Pou7_AM1QRY,【公式】#121 スキマお悩み相談室＜前編＞ スキマスイッチのこのヘンまでやってみよう,2023-08-25T10:00:32Z,27993,822,48,PT18M13S
FMcsGMx8eVY,#スキマスイッチ #AhYeah!! #ハイキュー #ハイキューの日 #shorts,2023-08-19T03:00:14Z,19484,914,15,PT32S
g_O2wn33Oi8,【公式】#120 『スキマスイッチ 炎の二十番勝負』（初代マネージャー・樋口 健＜その③＞） スキマスイッチのこのヘンまでやってみよう,2023-08-18T10:00:36Z,17109,662,47,PT17M35S
cc6O-rAxX48,スキマスイッチ「ボクノート ～ for 20th Anniversary with Orchestra ～」,2023-08-14T12:00:28Z,1503888,10563,281,PT5M43S
NaTubo6kkRk,【360 Reality Audio】スキマスイッチ「ボクノート ～for 20th Anniversary with Orchestra～」,2023-08-14T12:00:18Z,446188,2203,105,PT5M49S
bn3nVYj0grc,#AhYeah_20thツアー 8/11(金)宮城県 仙台サンプラザホール,2023-08-11T13:35:17Z,11946,557,19,PT35S
PT6t7krPs38,【公式】#119 『スキマスイッチ 炎の二十番勝負』（初代マネージャー・樋口 健＜その②＞） スキマスイッチのこのヘンまでやってみよう,2023-08-11T10:00:32Z,19203,631,54,PT16M49S
eF9OKcCB774,【公式】#118 『スキマスイッチ 炎の二十番勝負』（初代マネージャー・樋口 健＜その①＞） スキマスイッチのこのヘンまでやってみよう,2023-08-04T10:00:26Z,20160,740,71,PT14M57S
6lMEDjRdBNE,【公式】#117 スキマスイッチ的 俺のマイベスト！＜後編＞ スキマスイッチのこのヘンまでやってみよう,2023-07-28T10:00:07Z,12984,431,29,PT10M18S
IHHP_VktK_8,【公式】#116 スキマスイッチ的 俺のマイベスト！＜前編＞ スキマスイッチのこのヘンまでやってみよう,2023-07-21T10:00:12Z,15643,502,27,PT11M19S
ZwVcch4vwFQ,#AhYeah_20thツアー 7/15(土)石川県 本多の森ホール,2023-07-15T13:49:58Z,11397,494,9,PT39S
pYOxaaexfQA,【公式】#115 FM802コラボ企画！大阪ぶらり散策 スキマスイッチのこのヘンまでやってみよう,2023-07-14T10:00:50Z,15388,532,24,PT19M49S
9rECGrnw62k,スキマスイッチ「藍 ～僕たちの色彩～」 #shorts,2023-07-10T11:30:03Z,65893,2419,30,PT34S
NjxRN61YETo,【公式】#114 爆盛り！ロンドンお土産トーク！ スキマスイッチのこのヘンまでやってみよう,2023-07-08T10:00:20Z,12719,465,21,PT11M44S
B5bDy-U9LzE,スキマスイッチ「藍」 Live at Asylum Chapel (South London)／SUKIMASWITCH Ai Live at Asylum Chapel (South London),2023-07-07T12:00:08Z,1720397,9884,256,PT4M41S
p8EVR18JDkI,【公式】#113 20年分のタイムカプセルを仕分けしてみよう！＜その③＞ スキマスイッチのこのヘンまでやってみよう,2023-06-30T10:00:47Z,24595,782,77,PT10M50S
pFn3BzS5VVY,スキマスイッチ「20th Anniversary BEST 『POPMAN’S WORLD -Second-』」メンバーセレクション 全曲ダイジェスト,2023-06-29T09:00:27Z,18396,528,30,PT6M4S
FOOcP3RpLLk,スキマスイッチ / SUKIMASWITCH ：20th ANNIVERSARY FAN CLUB EVENT TOUR『V.I.P. Vol.4』DIGEST,2023-06-28T08:40:04Z,4179,152,3,PT5M1S
chSpC6Zcjwg,Londonよりスキマスイッチからのメッセージ,2023-06-28T04:00:19Z,8771,485,17,PT3M57S
Q4f1nuvCN-A,#AhYeah_20thツアー 6/24(土)福岡県 サンパレスホール,2023-06-24T16:45:29Z,11017,611,8,PT1M1S
126SJjvgDb4,【公式】#112 20年分のタイムカプセルを仕分けしてみよう！＜その②＞ スキマスイッチのこのヘンまでやってみよう,2023-06-23T10:00:02Z,26830,992,132,PT11M57S
j8rXpVA6bXU,大橋卓弥「ありがとう」Special version,2023-06-19T11:00:37Z,411594,4329,211,PT5M13S
QpwzLjIhLII,大橋卓弥「ありがとう」#shorts,2023-06-19T11:00:29Z,29233,1279,20,PT45S
WqB05M6TftI,大橋卓弥「ありがとう」#shorts,2023-06-19T11:00:19Z,30855,1315,18,PT28S
sbcy-ODJi34,スキマスイッチ「20th Anniversary BEST 『POPMAN’S WORLD -Second-』」Disc 1ライブダイジェスト,2023-06-19T09:00:38Z,21978,534,35,PT2M48S
4OGwKgqsAhQ,藍 〜僕たちの色彩〜 #shorts,2023-06-18T10:00:02Z,22082,1152,14,PT33S
hEHBXPlbSiQ,【公式】#111 20年分のタイムカプセルを仕分けしてみよう！＜その①＞ スキマスイッチのこのヘンまでやってみよう,2023-06-16T10:00:39Z,19707,647,66,PT11M48S
qxEhrxuFthQ,【公式】#110  スキマの20年はどーだったのか聞いてみよう！（音楽と人・樋口靖幸＜後編＞） スキマスイッチのこのヘンまでやってみよう,2023-06-09T10:00:43Z,21901,683,39,PT12M1S
XdFVrqtF2mA,# AhYeah _20thツアー 6/6(火) 北海道 札幌・カナモトホール,2023-06-06T14:47:55Z,11915,618,14,PT1M1S
ELU22kK7Vl0,スキマスイッチ「20th Anniversary BEST 『POPMAN’S WORLD -Second-』」Disc 1全曲ダイジェスト,2023-06-06T13:00:20Z,24062,688,39,PT3M35S
cSVeLqNWuoI,【公式】#109 スキマの20年はどーだったのか聞いてみよう！（音楽と人・樋口靖幸＜前編＞） スキマスイッチのこのヘンまでやってみよう,2023-06-02T10:00:27Z,18397,646,30,PT10M40S
6jm4OqN5EFo,【公式】#108 旬の芸人さんに特技を教えてもらおう！（鈴木ジェロニモ編） スキマスイッチのこのヘンまでやってみよう,2023-05-26T10:00:04Z,21541,627,59,PT21M1S
PLLgzyzcCe8,【公式】#107 7thアルバム『新空間アルゴリズム』を全曲振り返ろう！ スキマスイッチのこのヘンまでやってみよう,2023-05-19T10:00:19Z,29575,881,121,PT17M14S
3slgr16_l_0,"Revival ＜""Reversible""＞＃Shorts",2023-05-16T10:43:23Z,27628,1246,13,PT34S
Ll9cOzuxi7c,【公式】#106 スキマスイッチ自分クイズ！【新空間アルゴリズム編】  スキマスイッチのこのヘンまでやってみよう,2023-05-12T10:00:22Z,20114,599,47,PT20M14S
--CI9Gndvwc,スキマスイッチ「SUKIMASWITCH 20th Anniversary BEST 『POPMAN’S WORLD -Second-』」DELUXE盤 映像ダイジェスト,2023-05-12T03:00:00Z,17388,493,27,PT2M27S
6hPjHbMsa4I,【公式】#105 旬の芸人さんに特技を教えてもらおう！（街裏ぴんくさん編） スキマスイッチのこのヘンまでやってみよう,2023-05-05T10:00:04Z,13400,450,38,PT20M46S
QaFrIMyX9ak,スキマスイッチ「SUKIMASWITCH 20th Anniversary BEST 『POPMAN’S WORLD -Second-』」初回盤 映像ダイジェスト,2023-05-03T04:47:05Z,44539,719,37,PT3M
kH0JqMw-Aus,5/2(火) ファンクラブイベント東京公演アフタートーク生配信！！(22:15頃開始予定),2023-05-02T13:37:49Z,9482,474,19,PT16M30S
F8xMWeXYbLg,SUKIMASWITCH 20th Anniversary BEST 『POPMAN’S WORLD -Second-』選曲ドラフト会議Vol. 3,2023-04-29T09:00:13Z,26316,808,91,PT20M35S
S5fJSxggo84,スキマスイッチ 20th ANNIVERSARY『POPMAN’S WORLD 2023』開催決定！,2023-04-29T01:00:09Z,16743,515,20,PT1M39S
Ai9ljTUMdKg,【公式】#104  AIとおしゃべりしよう！ スキマスイッチのこのヘンまでやってみよう,2023-04-28T10:00:13Z,18407,612,39,PT17M3S
rks3Rb5bW0M,SUKIMASWITCH 20th Anniversary BEST 『POPMAN’S WORLD -Second-』選曲ドラフト会議Vol. 2,2023-04-25T09:25:45Z,28577,761,76,PT18M42S
k6xAqj4LNJo,【公式】#103 曲名を当てろ！AIイラストクイズ！ スキマスイッチのこのヘンまでやってみよう,2023-04-21T10:00:37Z,21550,761,49,PT15M25S
H1oc2gLr1CI,SUKIMASWITCH 20th Anniversary BEST 『POPMAN’S WORLD -Second-』選曲ドラフト会議Vol. 1,2023-04-20T09:04:53Z,35634,1204,111,PT23M1S
OJHdVmoxSzE,【公式】#102 6thアルバム『スキマスイッチ』を全曲振り返ろう！ スキマスイッチのこのヘンまでやってみよう,2023-04-14T10:00:14Z,43095,1096,153,PT20M21S
zQgTvXPiLas,【公式】#101 スキマスイッチ自分クイズ！【スキマスイッチ編】 スキマスイッチのこのヘンまでやってみよう,2023-04-07T10:00:53Z,32107,750,58,PT21M29S
JPISiqlVJVg,【公式】#100 祝！配信100回記念特別企画『逆大橋CASINO』 スキマスイッチのこのヘンまでやってみよう,2023-03-31T10:00:23Z,19982,787,55,PT15M42S
j-j7Q-1FMxA,"【公式】#99「スキマスイッチ TOUR 2022 ""café au lait""」@ 渋谷公演で聞いたファンの皆さんからの質問に回答！（後編） スキマスイッチのこのヘンまでやってみよう",2023-03-24T10:00:30Z,19289,561,40,PT15M24S
Bhs915mXg9k,"【公式】#98 「スキマスイッチ TOUR 2022 ""café au lait""」@ 渋谷公演で聞いたファンの皆さんからの質問に回答！（前編） スキマスイッチのこのヘンまでやってみよう",2023-03-17T10:00:08Z,21858,678,51,PT15M45S
eMeprMoMQW0,【公式】#97 音楽のお悩み相談 スキマクリニック（後編）　スキマスイッチのこのヘンまでやってみよう,2023-03-10T10:00:25Z,21724,708,59,PT16M15S
-WL7TqnWD8o,【公式】#96 5thアルバム『musium』を全曲振り返ろう！ スキマスイッチのこのヘンまでやってみよう,2023-03-03T10:38:11Z,39064,1015,138,PT17M32S
y062m5dXlZ0,スキマスイッチ 20th ANNIVERSARY ファンクラブツアー「V.I.P. Vol.4」開催！！,2023-02-28T09:00:29Z,5592,263,14,PT3M39S
t0gw682L_sw,【公式】#95 スキマスイッチ自分クイズ！【musium編】 スキマスイッチのこのヘンまでやってみよう,2023-02-24T10:00:38Z,25443,722,44,PT19M51S
Z1_g0Mh0aPs,【公式】#94 音楽のお悩み相談 スキマクリニック（前編）　スキマスイッチのこのヘンまでやってみよう,2023-02-17T10:00:31Z,21394,735,47,PT19M45S
s01-vbpHvvE,【公式】#93 竹脇まりなさんとやってみよう！ヒーハー！って言うゲーム　スキマスイッチのこのヘンまでやってみよう,2023-02-10T10:00:37Z,14216,392,23,PT20M17S
G5Bn6IOrj1o,アイスクリームシンドローム＜”DOUBLES ALL JAPAN”＞#shorts,2023-02-05T09:00:08Z,142940,4547,59,PT33S
AELEqYP2aQU,"ミスターカイト＜TOUR 2018 ""ALGOrhythm""＞#shorts",2023-02-04T08:30:02Z,23394,1200,13,PT57S
65io1X4C2SY,【公式】#92 竹脇まりなさんと一緒に宅トレ！ スキマスイッチのこのヘンまでやってみよう,2023-02-03T10:00:03Z,88849,1204,90,PT27M35S
xz-kSHkmI1E,「スキマスイッチ TOUR 2022 “café au lait” THE MOVIE」 東海市公演ドキュメントダイジェスト,2023-01-30T09:00:37Z,9168,358,14,PT3M1S
rR9-K_zF00k,全力少年＜Symphonic Sound of Sukimaswitch＞#shorts,2023-01-29T09:00:34Z,51477,1749,16,PT46S
c4z_LYZom9k,"Revival＜TOUR 2018 ""ALGOrhythm""＞#shorts",2023-01-28T10:00:20Z,36594,1736,19,PT39S
TCyRyt7KSSY,「スキマスイッチ TOUR 2022 “café au lait” THE MOVIE」 高崎公演ドキュメントダイジェスト,2023-01-28T09:00:13Z,10893,443,18,PT2M58S
JW17S2PRx3Q,"【公式】#91 「スキマスイッチ TOUR 2022 ""café au lait""」渋谷公演に密着！ スキマスイッチのこのヘンまでやってみよう",2023-01-27T10:00:13Z,40828,1169,114,PT19M29S
218YfnejI7k,ガラナ ＜“POPMAN'S WORLD”＞ #shorts,2023-01-27T09:30:00Z,40568,1616,14,PT34S
y3BV1vD-x3k,「スキマスイッチ TOUR 2022 “café au lait” THE MOVIE」 ダイジェスト,2023-01-23T09:00:38Z,27763,690,33,PT3M7S
lirYsz4uGrk,【公式】#90 4thアルバム『ナユタとフカシギ』を全曲振り返ろう！ スキマスイッチのこのヘンまでやってみよう,2023-01-20T10:00:37Z,40663,1113,139,PT16M30S
ZPqdZ1yIkOo,【公式】#89 スキマスイッチ自分クイズ！【ナユタとフカシギ編】 スキマスイッチのこのヘンまでやってみよう,2023-01-13T10:00:17Z,35664,912,62,PT20M40S
ZxxoHkHEtmk,【公式】#88 攻める占い師Love Me Doさんが占う、スキマスイッチ2023年の運勢は？！　スキマスイッチのこのヘンまでやってみよう,2023-01-06T10:00:30Z,25899,762,85,PT16M38S
edwxKIFwBao,Ah Yeah!! - SUKIMASWITCH SPECIAL - #shorts,2023-01-06T09:00:31Z,28766,1459,22,PT32S
KWvpil7KDo8,SL9 ＜“POPMAN'S WORLD”＞ #shorts,2023-01-06T08:45:01Z,24268,1242,30,PT41S
aCtgqIiQgQ4,【公式】#87 2022年ラスト配信！忘年会で今年を振り返ってみよう！ スキマスイッチのこのヘンまでやってみよう,2022-12-30T10:00:00Z,17820,625,58,PT18M57S
-7_No7g0oa4,【公式】#86 好評企画！第3回『大橋CASINO』 開催！ピンチをチャンスへ！　スキマスイッチのこのヘンまでやってみよう,2022-12-23T10:00:00Z,27628,890,54,PT13M2S
aJD2InGeygY,藍＜10th Anniversary Arena Tour 2013 “POPMAN’S WORLD” ＞ #shorts,2022-12-20T09:00:01Z,305450,8673,79,PT37S
s92HNElJUGg,【公式】#85 レトロゲーム「ツインビー」全5面クリアチャレンジ！ スキマスイッチのこのヘンまでやってみよう,2022-12-16T10:00:26Z,22803,665,68,PT25M29S
3lrcfJSHTKg,「スキマスイッチ TOUR ’07 “夕風トラベル” THE MOVIE」 Digest（本人コメント付）,2022-12-14T09:00:05Z,19570,511,31,PT9M29S
UD9_zNXMlCg,本日！！「スキマスイッチ Archive Live 2004〜2007」Live Blu-ray　4タイトル同時リリース！！,2022-12-14T03:02:21Z,6723,298,30,PT6M5S
AW29pFCe1aY,【公式】#84 はじめてのボートレース平和島＜後編＞ スキマスイッチのこのヘンまでやってみよう,2022-12-09T10:35:50Z,14429,368,15,PT14M46S
KHi0akb8G00,"スキマスイッチ TOUR 2022 ""café au lait"" ファイナル沖縄公演ダイジェスト",2022-12-09T03:00:06Z,8474,316,11,PT1M16S
KA-IGn0_73s,12月22日(木) 「スキマスイッチ “Live Full Course 2022” 〜 20年分のライブヒストリー 〜」日本武道館にて開催！！ ティザー第二弾,2022-12-08T10:00:11Z,13158,353,13,PT2M24S
zQvPy4am7Ac,「スキマスイッチ TOUR ’06　“空創トリップ” THE MOVIE」 Digest（本人コメント付）,2022-12-07T09:00:33Z,20432,508,34,PT9M40S
evS3uaJElq4,奏（かなで）＜10th Anniversary Arena Tour 2013 “POPMAN’S WORLD” ＞ #shorts,2022-12-07T08:00:23Z,539988,11582,123,PT46S
-Tpl-xLxlAk,#全力少年_カフェオレ #全都道府県制覇 12/4(日) 沖縄コンベンションセンター 劇場棟 ▼生配信のアーカイブチケット発売中！,2022-12-04T11:49:34Z,12026,544,5,PT1M
boXOq12H4sk,12/4(日) ツアーファイナル沖縄公演アフタートーク生配信！！(19:30頃開始予定),2022-12-04T11:07:52Z,10449,504,30,PT27M16S
CTjCU9eYIn8,本日の「全力少年」@沖縄県 沖縄コンベンションセンター 劇場棟/ Today’s ZENRYOKU SHOUNEN ＠OKINAWA (12/4(日) 17:30頃開始予定),2022-12-04T08:45:13Z,10281,378,24,PT12M3S
0D5bIMJmFXo,【公式】#83 はじめてのボートレース平和島＜前編＞ スキマスイッチのこのヘンまでやってみよう,2022-12-02T10:00:00Z,34775,571,37,PT18M47S
lLcKQ7FLNZA,本日(11/25)の「全力少年」@長野県　長野市芸術館/ Today’s ZENRYOKU SHOUNEN ＠NAGANO,2022-12-02T03:21:22Z,9172,308,27,PT9M21S
yfhuwvZXMBE,【公式】スキマスイッチのこのヘンまで聴いてみよう特別編 ～「up!!!!!!」と「up!!!!!! feat. Rouno」聴き比べ～＜ダイジェスト＞,2022-12-01T10:00:25Z,5356,204,6,PT17M7S
DSw-UnaKcpo,「スキマスイッチ TOUR ’05　“全国少年” THE MOVIE」 Digest（本人コメント付）,2022-12-01T09:32:31Z,16512,479,19,PT8M46S
RweEJLGvvr8,#全力少年_カフェオレ 11/30(水) 東京 LINE CUBE SHIBUYA（渋谷公会堂）,2022-11-30T12:48:35Z,5927,378,3,PT55S
wajzEZXtFvw,本日の「全力少年」@東京都 LINE CUBE SHIBUYA（渋谷公会堂）/ Today’s ZENRYOKU SHOUNEN ＠TOKYO (11/30(水) 20:15頃開始予定),2022-11-30T11:14:59Z,11518,442,21,PT9M53S
8u6-9CShYAA,#全力少年_カフェオレ 11/27(日) 富山県 富山県民会館,2022-11-27T12:20:53Z,11234,464,9,PT58S
eUdQ4paYaAw,11/27(日) 富山公演アフタートーク生配信！！(19:30頃開始予定),2022-11-27T10:57:26Z,9429,444,15,PT23M51S
Mz0FzGwFiF0,本日の「全力少年」@富山県 富山県民会館/ Today’s ZENRYOKU SHOUNEN ＠TOYAMA (11/27(日) 18:00頃開始予定),2022-11-27T09:03:56Z,7534,316,10,PT9M54S
yck5b9G1MHY,#全力少年_カフェオレ 11/25(金) 長野県 長野市民芸術館,2022-11-25T14:24:10Z,7452,412,7,PT39S
xQS5vschpvk,"「スキマスイッチ TOUR 2022 ""café au lait""」12/4(日)沖縄公演uP!!!にて生配信決定！",2022-11-25T11:00:43Z,4437,192,4,PT31S
nVmD4vGaGkM,【公式】#82 オススメスポットを巡る全国ツアーのスキマツアー！岡山編 スキマスイッチのこのヘンまでやってみよう,2022-11-25T10:00:27Z,60119,1507,122,PT13M51S
x_yJiFV7gVs,ふれて未来を＜10th Anniversary Arena Tour 2013 “POPMAN’S WORLD” ＞ #shorts,2022-11-25T09:00:45Z,53047,1928,22,PT35S
ntxOcgrDN4o,"飲みに来ないか ＜""Reversible""＞ #shorts",2022-11-25T09:00:27Z,29162,1249,17,PT32S
iQAcFJqnqag,【公式】スキマスイッチのこのヘンまで聴いてみよう特別編 ～「up!!!!!!」と「up!!!!!! feat. Rouno」聴き比べ～＜後編＞,2022-11-24T10:00:23Z,7091,331,21,PT23M24S
SIwLJaLk5es,#全力少年_カフェオレ 11/23(水) 新潟県 新潟テルサ,2022-11-23T12:54:39Z,4287,291,5,PT1M1S
bzEsvLcMIQA,本日の「全力少年」@新潟県 新潟テルサ/ Today’s ZENRYOKU SHOUNEN ＠NIIGATA (11/23(水) 18:30頃開始予定),2022-11-23T09:36:08Z,8726,304,12,PT10M8S
JSLlOqaspQU,「スキマスイッチ 2004ファーストツアー “夏雲ノタビ” ～日本公演～ THE MOVIE」 Digest（本人コメント付）,2022-11-23T09:00:10Z,19955,631,39,PT8M21S
PflfIhImr78,Office Augusta 30th MUSIC BATON Vol.10 スキマスイッチ『The baton has passed』 ダイジェスト,2022-11-23T07:20:27Z,11373,423,18,PT2M2S
TWSu_djz4Tk,12/22 日本武道館にて開催「スキマスイッチ “Live Full Course 2022” 〜 20年分のライブヒストリー 〜」チケット最終先行は11月24日(木)まで‼️,2022-11-22T10:00:17Z,4176,203,14,PT1M37S
k_PFnJv1brs,#全力少年_カフェオレ 11/20(日) 愛知県 名古屋国際会議場センチュリーホール,2022-11-20T13:34:16Z,4724,320,9,PT1M1S
zGlofZDGnZM,本日の「全力少年」@愛知県 名古屋国際会議場センチュリーホール/ Today’s ZENRYOKU SHOUNEN ＠AICHI (11/20(日) 20:00頃開始予定),2022-11-20T11:12:10Z,10594,398,22,PT10M39S
qvwHi8Fz3vo,#全力少年_カフェオレ 11/19(土) 静岡県 静岡市民文化会館,2022-11-19T13:27:16Z,5759,383,7,PT57S
LHN5QSPKui0,本日の「全力少年」@静岡県 静岡市民文化会館 大ホール/ Today’s ZENRYOKU SHOUNEN ＠SHIZUOKA (11/19(土) 20:00頃開始予定),2022-11-19T11:16:35Z,12875,387,25,PT9M42S
DRa0deRihaw,【公式】#81 BEST3を2人で揃えろ！俺のコンビニ選手権！＜後編＞,2022-11-18T10:00:09Z,19306,538,26,PT13M1S
IPgTO7DdfNI,【公式】スキマスイッチのこのヘンまで聴いてみよう特別編 ～「up!!!!!!」と「up!!!!!! feat. Rouno」聴き比べ～＜前編＞,2022-11-17T10:00:10Z,10048,454,21,PT26M52S
rhgWotCDNzk,雫＜TOUR 2012-2013 “DOUBLES ALL JAPAN”＞ #shorts,2022-11-17T09:30:11Z,26267,1280,19,PT24S
Q_IqaL2Bp8E,“本日の「全力少年」“を繋いでみた vol.2‼︎ / Connected “Today’s ZENRYOKU SHOUNEN” vol.2!!,2022-11-16T11:06:48Z,8305,410,22,PT2M42S
vrL_TucnPAw,奏（かなで）＜10th Anniversary Arena Tour 2013 “POPMAN’S WORLD” ＞ #shorts,2022-11-14T09:00:36Z,400179,10222,80,PT39S
1SMdSU2KZCo,【公式】#80 BEST3を2人で揃えろ！俺のコンビニ選手権！＜前編＞ スキマスイッチのこのヘンまでやってみよう,2022-11-11T10:00:01Z,24662,642,42,PT14M21S
0vYmfPp5Tjs,12月22日(木) 「スキマスイッチ “Live Full Course 2022” 〜 20年分のライブヒストリー 〜」日本武道館にて開催！！,2022-11-11T07:50:43Z,17260,404,13,PT2M1S
3CPSIACZioA,ゴールデンタイムラバー＜10th Anniversary Arena Tour 2013 “POPMAN’S WORLD” ＞ #shorts,2022-11-09T09:00:04Z,84520,3068,27,PT34S
3bsKWoWN5Ug,#全力少年_カフェオレ 11/6(日) 山口県 周南市文化会館,2022-11-06T12:37:12Z,8700,400,4,PT44S
VFjbsvjsFU4,11/6(日) 山口公演アフタートーク生配信！！(20:30頃開始予定),2022-11-06T12:07:26Z,9209,398,9,PT26M51S
nU08uXE8Ok0,本日の「全力少年」@山口県 周南市文化会館/ Today’s ZENRYOKU SHOUNEN ＠YAMAGUCHI (11/6(日) 19:00頃開始予定),2022-11-06T10:03:31Z,10653,330,12,PT9M59S
JhaYUNA3Az4,#全力少年_カフェオレ 11/5(土) 広島県 広島文化学園HBGホール,2022-11-05T13:32:14Z,3682,321,10,PT1M1S
B1pKYWBymdQ,本日の「全力少年」@広島県 広島文化学園HBGホール/ Today’s ZENRYOKU SHOUNEN ＠HIROSHIMA (11/5(土) 19:00頃開始予定),2022-11-05T09:59:52Z,10237,386,18,PT9M26S
iE0_I5OrMlE,【公式】#79 「2022年のスキマスイッチを占う！」途中経過報告  スキマスイッチのこのヘンまでやってみよう,2022-11-04T10:00:26Z,16747,514,50,PT12M24S
QoRp2CHp1Ro,#全力少年_カフェオレ 11/3(木) 岡山県 倉敷市民会館,2022-11-03T13:17:30Z,6274,425,4,PT43S
z6Uz_G5E57g,本日の「全力少年」@岡山県 倉敷市民会館/ Today’s ZENRYOKU SHOUNEN ＠OKAYAMA (11/3(木)19:00頃開始予定),2022-11-03T10:09:29Z,16129,414,20,PT10M9S
6etgY85wqpU,僕と傘と日曜日 ＜TOUR2015”SUKIMASWITCH”SPECIAL＞ #shorts,2022-11-03T09:00:04Z,73958,3132,82,PT53S
-7nRNRSy0gI,スキマスイッチ「view」副音声付（from スキマスイッチ 2004ファーストツアー “夏雲ノタビ” ～日本公演～）,2022-11-02T09:00:00Z,22854,751,50,PT4M22S
wkFxPMmdThE,奏(かなで)＜TOUR 2012-2013 “DOUBLES ALL JAPAN”＞ #shorts,2022-11-01T12:01:47Z,869630,18835,137,PT37S
CWV_tciYaX0,#全力少年_カフェオレ 10/30(日)宮城県 仙台サンプラザホール,2022-10-30T11:37:33Z,4760,320,4,PT1M1S
5F8ayb6ngp8,10/30(日)宮城公演アフタートーク生配信！！(19:40頃開始予定),2022-10-30T11:04:06Z,8014,355,13,PT20M56S
PTpGuVlWRf8,本日の「全力少年」@宮城県 仙台サンプラザホール/ Today’s ZENRYOKU SHOUNEN ＠MIYAGI(10/30(日)18:00頃開始予定),2022-10-30T09:14:34Z,11143,366,14,PT10M16S
2phZd5E8Rjk,【公式】#78 3rdアルバム『夕風ブレンド』を全曲振り返ろう！ スキマスイッチのこのヘンまでやってみよう,2022-10-28T10:00:02Z,43641,1306,182,PT18M26S
Eepf5skcmuM,Live Blu-ray「スキマスイッチ Archive Live Box」Digest,2022-10-28T09:00:10Z,14320,477,34,PT4M32S
twTCLSNZrbg,12/22 日本武道館にて開催「スキマスイッチ “Live Full Course 2022” 〜 20年分のライブヒストリー 〜」のバンドメンバーとライブロゴを解禁！,2022-10-25T12:00:28Z,6310,370,23,PT3M7S
5T4BAYK2R-o,#全力少年_カフェオレ 10/23(日)青森県 五所川原市ふるさと交流圏民センター（オルテンシア）,2022-10-23T11:51:38Z,7053,388,5,PT29S
If-LrC_VPas,本日の「全力少年」@青森県 五所川原市ふるさと交流圏民センター（オルテンシア）/ Today’s ZENRYOKU SHOUNEN ＠AOMORI(10/23(日)18:30頃開始予定),2022-10-23T09:42:30Z,15935,400,25,PT8M49S
aabvDKrEPMk,#全力少年_カフェオレ 10/21(金)岩手県 大船渡市民文化会館（リアスホール）,2022-10-21T14:23:30Z,8827,391,5,PT33S
ytxUApqM7s8,本日の「全力少年」@岩手県 大船渡市民文化会館（リアスホール）/ Today’s ZENRYOKU SHOUNEN ＠IWATE(10/21(金)20:30頃開始予定),2022-10-21T11:39:19Z,11278,368,15,PT10M24S
gXiYqvnPUAo,【公式】#77 スキマスイッチ自分クイズ！【夕風ブレンド編】 スキマスイッチのこのヘンまでやってみよう,2022-10-21T10:24:52Z,24684,748,55,PT19M23S
l3k80BGEYgA,#全力少年_カフェオレ 10/16(日) 香川県 レクザムホール（香川県県民ホール）,2022-10-16T12:59:09Z,8038,365,8,PT1M1S
CLkOYsDpY2I,10/16(日)香川公演アフタートーク生配信！！(21:00頃開始予定),2022-10-16T12:28:39Z,11679,453,8,PT46M21S
0b9jscXCiMs,本日の「全力少年」@ 香川県 レクザムホール（香川県県民ホール）/ Today's ZENRYOKU SHOUNEN ＠KAGAWA(10/16(日)19:00頃開始予定),2022-10-16T10:11:32Z,9081,373,13,PT10M20S
W8Wt1_OCBXk,#全力少年_カフェオレ 10/14(金)徳島県 阿南市文化会館（夢ホール）,2022-10-14T14:16:00Z,5437,333,2,PT29S
gyKr-hyC2CY,本日の「全力少年」@ 徳島県 阿南市文化会館（夢ホール）/ Today's ZENRYOKU SHOUNEN ＠TOKUSHIMA(10/14(金)21:00頃開始予定),2022-10-14T11:58:07Z,8128,392,13,PT10M20S
IHP8_Rv_Bzc,【公式】#76 スキマお悩み相談室part3 スキマスイッチのこのヘンまでやってみよう,2022-10-14T10:00:18Z,17121,606,34,PT11M14S
yoFZ0CfR0iM,“本日の「全力少年」“を繋いでみた‼︎ / Connected “Today’s ZENRYOKU SHOUNEN” !!,2022-10-13T09:00:29Z,6947,418,12,PT1M45S
tFKeGlr3MW0,【公式】#75 スキマお悩み相談室part2 スキマスイッチのこのヘンまでやってみよう,2022-10-11T10:00:26Z,16772,613,31,PT10M39S
cn_5Nyy5Lu4,#全力少年_カフェオレ 10/10(月・祝) 福岡県 福岡サンパレスホール,2022-10-10T12:32:34Z,8621,378,6,PT40S
_0AN6LabYNY,本日の「全力少年」@ 福岡県 福岡サンパレスホール/ Today's ZENRYOKU SHOUNEN ＠FUKUOKA(10/10(月・祝)19:00頃開始予定),2022-10-10T10:18:09Z,13113,497,17,PT11M36S
eEwfQrTd7EE,#全力少年_カフェオレ #くまモン 10/9(日)熊本県 市民会館シアーズホーム夢ホール,2022-10-09T14:08:33Z,9402,513,10,PT57S
MmrWyKXch0o,本日の「全力少年」@ 熊本県 市民会館シアーズホーム夢ホール/ Today's ZENRYOKU SHOUNEN ＠KUMAMOTO(10/9(日)19:00頃開始予定),2022-10-09T10:13:17Z,20179,737,36,PT11M8S
dK6AXLTz3qw,【公式】#74 スキマお悩み相談室part1 スキマスイッチのこのヘンまでやってみよう,2022-10-07T10:00:33Z,21105,793,43,PT11M15S
h3yF6Xp7Vnc,#全力少年_カフェオレ 9/30(金)大阪府 オリックス劇場,2022-09-30T13:53:46Z,6864,382,12,PT35S
Uw07SCy9YrA,本日の「全力少年」@ 大阪府 オリックス劇場/ Today's ZENRYOKU SHOUNEN ＠OSAKA(9/30(金)20:30頃開始予定),2022-09-30T11:42:00Z,11195,433,24,PT10M7S
0aTbVlY3vSg,【公式】#73 絶対に負けられない！第2回スキマ写真カードバトル in 高松 スキマスイッチのこのヘンまでやってみよう,2022-09-30T10:00:02Z,14616,448,29,PT16M12S
U28V6qXalNU,#全力少年_カフェオレ 9/29(木)大阪府 オリックス劇場,2022-09-29T14:49:39Z,3802,286,4,PT1M1S
RSBW3tjzWGg,本日の「全力少年」@ 大阪府 オリックス劇場/ Today's ZENRYOKU SHOUNEN ＠OSAKA(9/29(木)20:30頃開始予定),2022-09-29T11:46:22Z,11995,481,13,PT10M56S
CzRadncj2bk,#全力少年_カフェオレ 9/27(火)石川県 こまつ芸術劇場うらら,2022-09-27T15:02:29Z,3749,282,8,PT1M1S
15j40TuqMEg,9/27(火)石川公演アフタートーク生配信！！(22:20頃開始予定),2022-09-27T14:00:36Z,11217,439,13,PT26M51S
gFOs804mrRs,本日の「全力少年」@石川県 こまつ芸術劇場うらら/ Today’s ZENRYOKU SHOUNEN ＠ISHIKAWA(9/26(土)21:00頃開始予定),2022-09-27T12:15:37Z,10861,493,21,PT10M31S
lx2QW60tcQg,12/22(木)日本武道館公演について生配信で発表します！,2022-09-16T12:37:48Z,17769,661,33,PT33M11S
6_pzkmNsg9I,【公式】#72 全国ツアーで何が起きた！？ツアー報告絵日記【後編】 スキマスイッチのこのヘンまでやってみよう,2022-09-16T11:54:35Z,13980,476,25,PT12M9S
krsRjjcriIw,【公式】#71 全国ツアーで何が起きた！？ツアー報告絵日記【前編】 スキマスイッチのこのヘンまでやってみよう,2022-09-16T10:27:14Z,19340,556,24,PT11M57S
14YgsqC5M04,【公式】#70 2ndフルアルバム『空創クリップ』を全曲振り返ろう！  スキマスイッチのこのヘンまでやってみよう,2022-09-09T10:00:02Z,42335,1211,124,PT15M38S
W3X0JSM_LRY,スキマスイッチ「up!!!!!! feat.Rouno」： SUKIMASWITCH up!!!!!! Music Video,2022-09-07T12:00:18Z,23095,696,42,PT3M20S
L5CHmskGNzo,9/3(土)MUSIC BATONアフタートーク生配信！！(21:00頃開始予定),2022-09-03T12:49:20Z,10288,414,18,PT16M11S
wRZiYNVKnRY,本日の「全力少年」@MUSIC BATON/ Today’s ZENRYOKU SHOUNEN ＠MUSIC BATON(9/3(土)16:15頃開始予定),2022-09-03T07:50:51Z,12726,540,18,PT8M42S
NoFD1GwVvWU,12/22(木)日本武道館公演についてスキマスイッチから大切なお知らせ,2022-09-02T11:00:20Z,20853,632,104,PT11M17S
zu0XA6f07bI,【公式】#69 スキマスイッチ自分クイズ！【空創クリップ編】 スキマスイッチのこのヘンまでやってみよう,2022-09-02T10:00:43Z,39014,1035,47,PT19M20S
1kWiCE1FgSk,【公式】#68 夏の風物詩！第1回スキマ怪談オーディション！【後編】 スキマスイッチのこのヘンまでやってみよう,2022-08-26T10:00:01Z,12316,460,19,PT21M6S
qWVNrzifx6E,【公式】#67 夏の風物詩！第1回スキマ怪談オーディション！【前編】 スキマスイッチのこのヘンまでやってみよう,2022-08-19T10:00:37Z,19026,641,37,PT22M36S
cRH8rARXVuY,#全力少年_カフェオレ 8/13(土)埼玉県 川口総合文化センター リリア メインホール,2022-08-13T13:21:48Z,13671,524,10,PT30S
dU-Qoc25FfQ,8/13(土)埼玉公演アフタートーク生配信！！(21:00頃開始予定),2022-08-13T12:23:22Z,12227,502,21,PT20M38S
Y23r0FFyKC0,本日の「全力少年」@埼玉県 川口総合文化センター・リリア メインホール/ Today’s ZENRYOKU SHOUNEN ＠SAITAMA(8/13(土)19:00頃開始予定),2022-08-13T10:15:14Z,11723,538,14,PT10M40S
7Om2XKGIk-M,【公式】#66 全国ツアー後半戦をGoogle Mapでロケハン！【後編】 スキマスイッチのこのヘンまでやってみよう,2022-08-12T10:00:08Z,15275,494,42,PT11M41S
mtrkeHf4-fg,#スキマスイッチ #RIJF2022 #ロッキン,2022-08-11T11:32:36Z,18887,825,10,PT1M1S
u7rJMmXUnkI,スキマスイッチ「up!!!!!!」MVプレミア公開直前配信ライブ！,2022-08-10T12:02:09Z,17573,685,8,PT15M5S
2PgESdayI4I,スキマスイッチ「up!!!!!!」： SUKIMASWITCH  up!!!!!!  Music Video,2022-08-10T12:00:16Z,418258,3197,159,PT4M4S
H1mPu-LxcU8,【公式】#65 全国ツアー後半戦をGoogle Mapでロケハン！【前編】 スキマスイッチのこのヘンまでやってみよう,2022-08-05T10:00:09Z,22724,664,38,PT18M56S
MBEEiX8e1Wk,スキマスイッチ「up!!!!!!」Music Video Teaser,2022-08-03T09:00:12Z,19168,623,41,PT33S
t7WR-UY_9b4,#全力少年_カフェオレ 7/31(日)山梨県 YCC県民文化ホール(山梨県立県民文化ホール) 大ホール,2022-07-31T13:51:11Z,6862,409,5,PT1M1S
vKqixVIBcDQ,本日の「全力少年」@山梨県 YCC県民文化ホール(山梨県立県民文化ホール) 大ホール/ Today’s ZENRYOKU SHOUNEN ＠YAMANASHI(7/31(日)19:00頃開始予定),2022-07-31T10:14:28Z,11154,479,13,PT10M29S
Z0SpZpZBO2o,#全力少年_カフェオレ 7/30(土)群馬県 高崎芸術劇場 大劇場,2022-07-30T13:55:45Z,6299,425,6,PT1M1S
M0G-kHPVrYE,本日の「全力少年」@群馬県 高崎芸術劇場 大劇場/ Today’s ZENRYOKU SHOUNEN ＠GUNMA(7/30(土)20:00頃開始予定),2022-07-30T11:04:02Z,15083,595,18,PT11M44S
AxYRaLqNIrA,【公式】#64 1stフルアルバム『夏雲ノイズ』を全曲振り返ろう！ スキマスイッチのこのヘンまでやってみよう,2022-07-29T10:00:07Z,50578,1716,188,PT21M48S
5hGdmbGeReU,【公式】#63 スキマスイッチ自分クイズ！【夏雲ノイズ編】 スキマスイッチのこのヘンまでやってみよう,2022-07-22T10:00:11Z,29113,1017,65,PT16M48S
6K1cf4TBLgE,【公式】#62 「TikTokでバズる方法」中の人に聞いてみよう！ スキマスイッチのこのヘンまでやってみよう,2022-07-15T10:00:06Z,12200,456,47,PT17M31S
ZR6F5rKnRYk,「ライバルは前回の自分自身だ！　スキマスイッチの新記録シンドローム！？【44歳編】」ダイジェスト,2022-07-13T09:00:16Z,12814,463,16,PT1M31S
n_4ZPsGvfQo,【公式】#61 レトロゲーム1面クリアチャレンジ！レベル3「スペランカー」 スキマスイッチのこのヘンまでやってみよう,2022-07-08T10:00:36Z,18110,575,61,PT16M26S
W5i1W64WloM,#全力少年_カフェオレ 7/3(日)宮崎県 メディキット県民文化センター(宮崎県立芸術劇場),2022-07-03T13:46:46Z,9536,470,5,PT34S
Q0ZMNkYYHMc,7/3(日)宮崎公演アフタートーク生配信！！(21:20頃開始予定),2022-07-03T12:39:20Z,11250,587,27,PT17M4S
QbCFMbnGYfc,本日の「全力少年」@宮崎県 メディキット県民文化センター(宮崎県立芸術劇場)/ Today’s ZENRYOKU SHOUNEN ＠MIYAZAKI(7/3(日)19:30頃開始予定),2022-07-03T10:47:18Z,12063,548,17,PT8M26S
RoSis3Vqkpk,#全力少年_カフェオレ 7/2(土)鹿児島県 宝山ホール(鹿児島県文化センター),2022-07-03T03:50:31Z,4244,335,6,PT1M1S
SE-rraO6Rm8,本日の「全力少年」@鹿児島県 宝山ホール(鹿児島県文化センター)/ Today’s ZENRYOKU SHOUNEN ＠KAGOSHIMA(7/2(土)19:30頃開始予定),2022-07-02T10:41:26Z,11521,531,34,PT11M2S
O1Wwbd25BeQ,【公式】#60 レトロゲーム1面クリアチャレンジ！レベル2「魔界村」 スキマスイッチのこのヘンまでやってみよう,2022-07-01T10:00:16Z,19171,550,54,PT15M24S
rS9SqJXB7sk,#全力少年_カフェオレ 6/29(水)長野県 飯田文化会館,2022-06-29T15:16:00Z,4678,387,1,PT1M1S
0NPXDc7Ocq0,本日の「全力少年」@飯田文化会館/ Today’s ZENRYOKU SHOUNEN ＠IIDA,2022-06-29T13:17:02Z,11866,640,35,PT9M46S
7YBUhwn_GCo,#全力少年_カフェオレ 6/25(土)新潟県 上越文化会館 大ホール,2022-06-26T00:35:01Z,5006,403,2,PT1M1S
IfT6oNiGdrU,新潟県上越公演アフタートーク生配信！！,2022-06-25T11:29:36Z,17437,810,38,PT20M10S
HLJKVZNNw80,本日の「全力少年」@上越文化会館 大ホール/ Today’s ZENRYOKU SHOUNEN ＠JOUETSU (6/25(土)20:30頃開始予定),2022-06-25T09:42:31Z,13255,623,16,PT10M36S
LmhhEwBoUsk,【公式】#59 レトロゲーム1面クリアチャレンジ！レベル1「グラディウス」 スキマスイッチのこのヘンまでやってみよう,2022-06-24T10:00:17Z,19617,650,71,PT15M
uTs-wdZL9OE,#全力少年_カフェオレ 6/23(木)富山県 砺波市文化会館,2022-06-23T15:03:16Z,4477,357,6,PT1M1S
NkvKYv2f8pE,本日の「全力少年」@砺波市文化会館/ Today’s ZENRYOKU SHOUNEN ＠TONAMI,2022-06-23T12:09:17Z,14155,654,23,PT9M44S
5n3wnlvz2ek,#全力少年_カフェオレ 6/21(火)福井県 敦賀市民文化センター,2022-06-21T15:36:57Z,4930,361,5,PT54S
axOPkmH9-e4,本日の「全力少年」@敦賀市民文化センター / Today’s ZENRYOKU SHOUNEN ＠TSURUGA,2022-06-21T12:07:08Z,19766,1151,61,PT10M33S
EKi6jUOmZnE,"【#スキマスイッチ TOUR 2022 ""café au lait""】アルバム『Hot Milk』『Bitter Coffee』を引っさげた47都道府県を回る全国ツアー開催中！",2022-06-20T06:03:25Z,11302,658,2,PT47S
TSdTpofi-Q0,【公式】#58 すりぃ先生！教えて！ボカロの世界【後編】【OverDriver(すりぃRemix)聞き比べ！】 スキマスイッチのこのヘンまでやってみよう,2022-06-17T10:00:18Z,45208,1567,36,PT19M32S
lfOAKGxEEfo,スキマスイッチ「OverDriver (すりぃRemix)」Music Video,2022-06-15T12:04:14Z,243363,1763,65,PT4M28S
75bHlwXveQs,スキマスイッチ「OverDriver (すりぃRemix Vocaloid Ver.)」Music Video,2022-06-15T12:00:37Z,60308,1032,33,PT4M28S
XXyG08oA-Rk,#全力少年_カフェオレ 6/12(日)福島県 白河文化交流館コミネス,2022-06-12T12:37:34Z,7004,488,7,PT52S
gJOFKmn2G2A,#全力少年_カフェオレ 6/11(土)山形県 やまぎん県民ホール(山形県総合文化芸術館),2022-06-11T14:23:49Z,8318,462,8,PT55S
KIFkXfQPFIU,#ボカロP の #すりぃ さんがRemixを手がけた #スキマスイッチ「OverDriver (すりぃRemix)」ティザー公開！6月15日(水)に各サブスクにて配信リリース！,2022-06-10T10:34:15Z,4803,333,2,PT26S
6dPRZrSpQlw,【公式】#57 すりぃ先生！教えて！ボカロの世界【OverDriver(すりぃRemix)リリース記念！】 スキマスイッチのこのヘンまでやってみよう,2022-06-10T10:00:04Z,251048,9318,117,PT24M41S
H2Y5jOi8k8o,#全力少年_カフェオレ 6/8(水)秋田県 ほくしか鹿鳴ホール(大館市民文化会館),2022-06-08T14:52:35Z,6509,401,12,PT50S
t6MOyri3N9U,#全力少年_カフェオレ 6/5(日)岩手県民会館 大ホール,2022-06-06T03:58:46Z,6115,418,6,PT33S
yLNHW9XExhc,"スキマスイッチ TOUR 2022 ""café au lait"" 後半戦＆今後のツアーでの取り組みについて",2022-06-05T12:04:58Z,21720,899,65,PT24M35S
AuE59U215q4,#全力少年_カフェオレ 6/4(土)リンクステーションホール青森(青森市文化会館),2022-06-04T13:20:28Z,6490,406,6,PT50S
OyY4vTb2M84,【公式】#56 マジシャン先生と常田サプライズ！ スキマスイッチのこのヘンまでやってみよう,2022-06-03T10:00:12Z,18964,613,27,PT18M41S
v-Ct-BbEDTc,スキマスイッチ-「いろは Audience View from “Soundtrack”」,2022-06-01T09:00:34Z,14674,432,18,PT5M55S
kGZwUd4zVDk,【公式】ファミ劇コラボ#6 サウンドステッカーを作ろう！vol.6[完結編] スキマスイッチのこのヘンまでやってみよう,2022-05-31T09:00:30Z,13501,509,40,PT12M52S
iep8ETsJ_Ew,【公式】#55 オススメスポットを巡る全国ツアーのスキマツアー！北海道根室編 スキマスイッチのこのヘンまでやってみよう,2022-05-27T10:00:41Z,73439,803,65,PT14M58S
nBX6rY8Vz30,スキマスイッチ-「いろは Performance Ver. from “Soundtrack”」,2022-05-25T09:00:19Z,101944,1249,60,PT5M55S
swLeOWkOjrU,#全力少年_カフェオレ 5/21(土)和歌山県 和歌山県民文化会館 大ホール,2022-05-22T02:15:06Z,6683,390,5,PT34S
6WWMQe-kA_o,#全力少年_カフェオレ 5/20(金)京都府 ロームシアター京都 メインホール,2022-05-20T14:48:57Z,6105,369,1,PT55S
EW2Ai5fsk3E,【公式】#54 有名人の裏側を暴露します！ スキマスイッチのこのヘンまでやってみよう,2022-05-20T10:00:07Z,30586,952,77,PT19M59S
4m4PZ0414jk,#全力少年_カフェオレ 5/18(水)兵庫県 神戸国際会館こくさいホール,2022-05-18T14:56:12Z,6107,393,9,PT57S
SjRlQDzsoNY,スキマスイッチ-「いろは Manga Music Video from “Soundtrack”」,2022-05-18T09:34:51Z,30687,768,55,PT5M55S
QmcsD8VlXl8,【公式】#53 祝！番組1周年！「このヘンまで」YouTube徹底分析！ スキマスイッチのこのヘンまでやってみよう,2022-05-13T10:00:28Z,20374,770,152,PT11M40S
Hh7v7EOezgQ,【公式】#52 大量再生回数感謝企画！奥田民生さん回を振り返ろう！ スキマスイッチのこのヘンまでやってみよう,2022-05-06T10:00:16Z,36494,848,39,PT16M42S
XU4XnkCvRAg,#全力少年_カフェオレ 5/5(木・祝)北海道 根室市総合文化会館 大ホール,2022-05-05T14:56:10Z,7038,419,5,PT54S
LIdQsgNZxDo,#全力少年_カフェオレ 5/3(火・祝)北海道 音更町文化センター 大ホール,2022-05-03T13:39:18Z,6370,418,4,PT51S
k9Ms_oG2WtM,#全力少年_カフェオレ 5/1(日)北海道 札幌文化芸術劇場 hitaru,2022-05-01T14:26:34Z,6424,436,3,PT54S
y6TfxhPOVxo,【公式】#51 ドラマ番宣をやってみよう！ スキマスイッチのこのヘンまでやってみよう,2022-04-29T10:00:37Z,21528,593,39,PT17M27S
mxHOd_ZpSLw,【公式】ファミ劇コラボ#5 サウンドステッカーを作ろう！vol.5[ブライス編] スキマスイッチのこのヘンまでやってみよう,2022-04-26T09:00:16Z,7275,291,13,PT11M41S
gWj-z_HnSmI,#全力少年_カフェオレ 4/24(日)茨城県 ザ・ヒロサワ・シティ会館,2022-04-24T13:48:38Z,7325,399,10,PT34S
j9vDm7G1tyw,【公式】#50 「俺のフェス！」大橋と常田それぞれの夢のフェスを考える！　スキマスイッチのこのヘンまでやってみよう,2022-04-22T10:00:46Z,29264,826,71,PT16M21S
sm2duE7a8LI,#全力少年_カフェオレ 4/17(日)滋賀県立芸術劇場 びわ湖ホール 大ホール,2022-04-17T13:28:05Z,7819,426,5,PT48S
Ne1EwkSCEso,#全力少年_カフェオレ 4/16(土)奈良県 なら100年会館 大ホール,2022-04-16T13:56:52Z,8196,407,10,PT50S
7WMo6tDrgDU,【公式】#49 好評企画！第2回『大橋CASINO』 開催！ピンチをチャンスへ！　スキマスイッチのこのヘンまでやってみよう,2022-04-15T10:00:08Z,35601,1020,79,PT11M20S
iUxZpGdSOeo,DELUXE盤(FC限定)予約は本日4/12(火)23:59まで！,2022-04-12T13:29:53Z,4003,223,1,PT1M1S
9-N8gjFWIwo,DELUXE盤(FC限定)予約は4/12(火)23:59まで！,2022-04-11T13:25:51Z,3522,212,6,PT1M1S
fA6WqOs45iU,マルチアングル映像『いろは』(Live Blu-ray『スキマスイッチ “Soundtrack”  THE MOVIE』より),2022-04-10T13:22:11Z,10425,338,18,PT2M9S
JYGifV28Hgo,Live Blu-ray「スキマスイッチ “Soundtrack”  THE MOVIE」multi angle Digest,2022-04-09T09:00:08Z,11172,346,16,PT2M47S
5LkcgFq0y6g,【公式】#48 日清食品さんとのコラボ企画！大橋的「ラ王」アレンジレシピBEST3を決めよう！【後編】,2022-04-08T10:00:02Z,24930,605,42,PT23M15S
xvP4-VbL0Nc,#全力少年_カフェオレ 4/5(火)J:COM ホルトホール大分 市民ホール 大ホール,2022-04-05T14:46:49Z,5375,355,10,PT49S
3cHteHt3154,#全力少年_カフェオレ 4/3(日)佐賀県 鳥栖市民文化会館 大ホール,2022-04-03T13:20:35Z,8542,414,6,PT30S
t9I6N7AZYX8,#全力少年_カフェオレ 4/2(土)長崎県 諫早文化会館 大ホール,2022-04-02T15:14:05Z,14917,490,2,PT29S
iK0mjco18Y4,【公式】#47 日清食品さんとのコラボ企画！大橋的「ラ王」アレンジレシピBEST3を決めよう！【前編】,2022-04-01T10:00:35Z,48494,717,56,PT18M13S
SgEohxkdVIU,#アイスクリームシンドローム #漫画 × #ライブ の融合！ Live Blu-ray 「#スキマスイッチ “#Soundtrack ” THE MOVIE」at #日本武道館 が6月8日発売！,2022-03-31T14:02:33Z,16155,652,9,PT1M
28likChBTqQ,【公式】ファミ劇コラボ#4 サウンドステッカーを作ろう！vol.4[声優編] スキマスイッチのこのヘンまでやってみよう,2022-03-29T09:00:02Z,7946,258,13,PT8M
JJ7pthTaens,#漫画 × #ライブ の融合！ Live Blu-ray 「#スキマスイッチ “#Soundtrack ” THE MOVIE」at #日本武道館 が6月8日発売決定！予約受付中！,2022-03-29T04:10:15Z,4333,278,1,PT45S
YlGXC0LaEEU,#全力少年_カフェオレ 3/27(日) 高知県立県民文化ホール オレンジホール,2022-03-27T14:40:32Z,8023,383,4,PT35S
NKphmHWLlzo,#全力少年_カフェオレ 3/26(土) 松山市民会館 大ホール,2022-03-26T14:22:15Z,5843,414,10,PT48S
svuIr0nR5Kw,【公式】#46 玉城ティナさんと人気駅弁ベスト3を当てろ！,2022-03-25T10:00:37Z,36513,637,25,PT20M7S
CgnXLRQQzW4,#奥田民生 × #スキマスイッチ と #ヴィンテージ #ギター の世界へ！,2022-03-24T03:16:14Z,11362,360,4,PT50S
-0TkcSGovqI,#奥田民生 × #スキマスイッチ と #ヴィンテージ #ギター の世界へ！,2022-03-23T03:09:43Z,6824,269,1,PT47S
jiKIrfIWw-g,#奥田民生 × #スキマスイッチ と #ヴィンテージ #ギター の世界へ！,2022-03-22T04:04:14Z,5951,287,3,PT42S
99dI-bwMK9U,【公式】#45 奥田民生さんとヴィンテージギターを見に行く！【完結編】,2022-03-17T09:02:18Z,237110,2661,95,PT16M37S
KdEZ9ifa4B0,#全力少年_カフェオレ 3/13(日) とりぎん文化会館 梨花ホール,2022-03-14T11:06:56Z,7758,467,5,PT50S
Fod1WqeFwAI,#SING #シング 最高でしたね🦍 #ジョニー は先程放送直前までライブでした🎤笑　3/12(土)島根県民会館 大ホール #全力少年_カフェオレ #全力少年 #スキマスイッチ,2022-03-12T14:13:41Z,14608,551,7,PT50S
XWR5SVVfzLE,【公式】#44 奥田民生さんとヴィンテージギターを見に行く！【中編】,2022-03-10T10:00:15Z,244086,2028,77,PT17M21S
DnbK4YlzGOg,#全力少年_カフェオレ 3/4(金) 千葉県文化会館 大ホール,2022-03-05T03:23:23Z,8678,452,5,PT50S
Bnp9LNbNkuU,【公式】#43 奥田民生さんとヴィンテージギターを見に行く！【前編】,2022-03-04T10:00:12Z,378457,2909,90,PT24M
aB5uvxS29Pw,"スキマスイッチ / SUKIMASWITCH ： TOUR 2022 ""café au lait"" at  Utsunomiya city Cultural Hall DIGEST",2022-02-25T11:00:28Z,45609,918,49,PT5M51S
a6q_iIYvB7k,【公式】#42 オススメはコレだ！2021年スキマベストバイ！,2022-02-25T10:00:01Z,26306,657,53,PT17M2S
GLdoSuvnjf4,スキマスイッチ / SUKIMASWITCH ：Soundtrack at NIPPON BUDOKAN DIGEST,2022-02-24T11:00:06Z,51170,1230,75,PT14M22S
k3JyaZHMB-Q,#全力少年_カフェオレ 2/23(水) 神奈川県民ホール ※ピアノの上には常田へのサプライズ誕生日プレゼントで大量の #湖池屋 #スコーン,2022-02-24T02:59:40Z,8236,529,9,PT28S
-WtuN_CoSBc,【公式】ファミ劇コラボ#3 サウンドステッカーを作ろう！vol.3[ヒルクライム編] スキマスイッチのこのヘンまでやってみよう,2022-02-22T09:00:36Z,6132,250,10,PT10M38S
okzbJ2lqtSA,【公式】#41 番組の未来を考える！企画プレゼン大会！,2022-02-18T10:00:33Z,16059,504,118,PT16M9S
CoS4CPiZGbY,#全力少年_カフェオレ 2/16(水) 東海市芸術劇場 大ホール,2022-02-17T03:11:18Z,10163,515,6,PT30S
o_GpGT2isFM,#全力少年_カフェオレ 2/14(月)長良川国際会議場 メインホール,2022-02-14T14:40:55Z,7833,419,7,PT40S
KjOYJ_-yjJ8,#全力少年_カフェオレ 2/13(日)三重県文化会館 大ホール,2022-02-13T14:51:06Z,9497,462,6,PT26S
aGDrkANeON0,#全力少年_カフェオレ 2/10(木)栃木県 宇都宮市文化会館 大ホール,2022-02-11T14:53:27Z,13701,536,7,PT28S
3f3oSF2OICc,【公式】#40 Google Mapで行く全国ツアーロケハン！【後編】,2022-02-11T10:00:51Z,20145,544,51,PT16M40S
4bXDT3d0Vvo,大橋卓弥(スキマスイッチ) - Office Augusta 30th MUSIC BATON Vol.2『PIN』ダイジェスト,2022-02-07T10:00:05Z,52111,1227,65,PT5M55S
zpzQSrWRUic,【公式】#39 Google Mapで行く全国ツアーロケハン！【前編】,2022-02-04T10:01:31Z,22517,615,53,PT15M46S
soTLpFiyLeM,"全国ツアー直前！スキマスイッチ TOUR 2022 ""café au lait"" リハーサル潜入！",2022-02-03T12:15:21Z,34378,1353,63,PT8M10S
MqFzmzMrzYU,【公式】「アカツキの詩」〜Rearrange(リアレンジ)〜 スキマスイッチのこのヘンまで聴いてみよう#3,2022-02-03T10:00:11Z,42402,1021,63,PT10M39S
iezjvVpW51c,【公式】#38 クイズ！スキマを当てろ！【CD年間売り上げランキング編】,2022-01-28T10:00:33Z,21409,647,39,PT15M25S
eUVLGy58rso,【公式】「飲みに来ないか」〜Rearrange(リアレンジ)〜 スキマスイッチのこのヘンまで聴いてみよう#2,2022-01-27T10:00:28Z,40186,994,70,PT5M36S
z2JwHbIaxWQ,【公式】ファミ劇コラボ#2 サウンドステッカーを作ろう！vol.2[ミニ四駆編] スキマスイッチのこのヘンまでやってみよう,2022-01-25T09:00:27Z,7730,304,14,PT12M25S
yggBR1gwdLA,【公式】#37 BEST3を2人で揃えろ！ご飯のお供選手権！,2022-01-21T10:01:11Z,23566,797,69,PT15M31S
kaNLatdDDY0,「全力少年produced by 奥田民生」Music Video：SUKIMASWITCH / ZENRYOKU SHOUNEN produced by OKUDATAMI...,2022-01-21T05:00:32Z,246846,3045,110,PT4M26S
YsZc9Uojkjo,「未来花(ミライカ) for Anniversary」Music Video： SUKIMASWITCH / MIRAIKA for Anniversary Music V...,2022-01-21T05:00:30Z,66764,829,40,PT6M
RfM1TH_rip8,スキマスイッチ - 「未来花(ミライカ)」Music Video： SUKIMASWITCH / MIRAIKA Music Video,2022-01-21T05:00:09Z,330619,3037,97,PT6M3S
9jH7lIoch_w,スキマスイッチ - 「ミスターカイト」Music Video： SUKIMASWITCH / Mr. Kite Music Video,2022-01-21T05:00:03Z,102443,1222,57,PT4M49S
sekj22OOO-k,【公式】「Revival」〜Rearrange(リアレンジ)〜 スキマスイッチのこのヘンまで聴いてみよう#1,2022-01-20T10:00:21Z,29566,1045,72,PT5M44S
0_7Yp7cD8ns,【公式】#36 いきものがかり 水野良樹さんとコラボ！ありがとうって伝える選手権！,2022-01-14T09:59:52Z,26967,797,57,PT18M40S
Batmu9hG_B8,【公式】#35 攻める占い師Love Me Doさん、2022年のスキマスイッチを占う！ スキマスイッチのこのヘンまでやってみよう,2022-01-07T10:00:03Z,20776,719,87,PT18M30S
kDrccvkmFqw,【公式】ファミ劇コラボ#1 ファミリー劇場CLUBのサウンドステッカーを作ろう！ スキマスイッチのこのヘンまでやってみよう,2021-12-31T12:57:11Z,7166,261,5,PT13M58S
sKX2CqFrlYQ,【公式】#34 2021年ラスト配信！忘年会で今年を振り返ってみよう！ スキマスイッチのこのヘンまでやってみよう,2021-12-31T10:00:24Z,19648,679,102,PT19M5S
tz5guTg6-hY,【公式】#33 2人きりのドライブトーク！「Bitter Coffee」全曲解説【後編】 スキマスイッチのこのヘンまでやってみよう,2021-12-24T10:00:27Z,20292,628,35,PT13M12S
-ZDyMX0l49Q,スキマスイッチ”Soundtrack” @武道館,2021-12-23T09:13:31Z,13631,613,8,PT16S
v7vD_09VaJg,スキマと漫画,2021-12-21T09:48:50Z,5816,151,4,PT16S
8WyuWjJ26wM,スキマスイッチ「フォークで恋して」,2021-12-20T09:21:13Z,8900,487,7,PT16S
7hufNnbxLbQ,大橋卓弥「風がめくるページ」ギター演奏,2021-12-19T09:26:14Z,33343,1336,38,PT16S
v8szQBf-hZc,スキマスイッチ音楽談義,2021-12-18T09:20:46Z,4114,187,1,PT16S
tRKH-1ykKlY,【公式】#32 2人きりのドライブトーク！「Bitter Coffee」全曲解説【前編】 スキマスイッチのこのヘンまでやってみよう,2021-12-17T10:00:17Z,28692,803,50,PT18M32S
Rf8r4PgKcko,スキマスイッチ「されど愛しき人生」,2021-12-17T09:22:59Z,5155,251,2,PT13S
1cPGEkJ4_8g,スキマスイッチ「Overdriver」,2021-12-16T09:05:27Z,10683,466,5,PT13S
SoVQZkcEE40,スキマスイッチ アルバムジャケットの噂,2021-12-15T09:10:22Z,6294,238,5,PT13S
G5_9HyR0qnk,常田真太郎 ピアノ演奏「SINK」,2021-12-14T09:04:54Z,8130,416,9,PT14S
JnP1WtAiiSY,スキマスイッチ「フォークで恋して」,2021-12-13T09:04:45Z,5545,433,2,PT13S
S6HmQDEfE08,スキマスイッチ アルバムタイトル裏話,2021-12-12T09:15:15Z,4198,239,2,PT16S
kFumkHQIQiU,大橋卓弥を探せ！ネタバレ編,2021-12-11T09:19:05Z,4559,200,4,PT15S
QHRsYFt-R34,【公式】#31 大橋母の愛に号泣事件！！そしてまさかの幽霊が出る家…！？ストリートビュー想い出散歩【大橋上京編】 スキマスイッチのこのヘンまでやってみよう,2021-12-10T10:00:13Z,32014,934,55,PT16M57S
SEHpk676p-A,大橋卓弥を探せ！final？,2021-12-10T09:09:27Z,3360,184,3,PT11S
FIxB2VfOiaM,ニューアルバムのコンセプトとは,2021-12-09T09:47:47Z,2816,178,2,PT15S
9uTZONlwLXE,スキマスイッチ「されど愛しき人生」,2021-12-08T09:14:43Z,6637,331,5,PT12S
ICUWC-UzqNs,常田真太郎 「SINK」ピアノ演奏,2021-12-07T09:06:30Z,11745,514,14,PT16S
L2fwjtHYuBU,スキマスイッチ「Over Driver」裏話,2021-12-06T11:13:46Z,5619,245,1,PT12S
OA78InK5CyA,スキマスイッチ「Over Driver 」,2021-12-05T09:18:27Z,5184,341,3,PT12S
HMeiYlTLusE,スキマスイッチ「フォークで恋して」,2021-12-04T11:05:10Z,6744,492,5,PT16S
ZTZ3-Ggc3eI,スキマスイッチ - 「フォークで恋して」Music Video： SUKIMASWITCH - Fork de Koishite Music Video,2021-12-04T11:00:30Z,234809,2020,134,PT4M45S
wYdunOQvp28,【公式】#30 常田アフロの真実！あの曲たちやスキマスイッチの名前はここで生まれた！ストリートビュー想い出散歩【常田上京編】 スキマスイッチのこのヘンまでやってみよう,2021-12-03T10:00:33Z,29998,825,31,PT12M53S
CkDZDA0lDvk,スキマスイッチ Documentary of “Studio Live”,2021-12-03T09:09:50Z,5072,307,2,PT16S
mFRDgxlM1fs,大橋卓弥を探せ！中級編ネタバレ,2021-12-02T09:08:36Z,5112,220,5,PT16S
fM8hD1vIWHM,大橋卓弥を探せ！中級編,2021-12-01T09:11:45Z,5112,226,15,PT12S
Zqk0RGpK7Ks,"常田真太郎「いろは」from ""Bitter Coffee""",2021-11-30T09:20:09Z,10453,570,10,PT16S
o6JDcEA7ewU,スキマスイッチ、ニューアルバム裏話,2021-11-29T09:09:34Z,3718,211,2,PT15S
Tarh2MAtcHw,スキマスイッチ「Over Driver 」,2021-11-28T09:08:22Z,7105,437,2,PT16S
03v7NbcKVjc,スキマスイッチDocumentary of “Recording”,2021-11-27T09:10:26Z,7019,328,5,PT16S
ifnHbjGxtP8,初生配信！「Hot Milk」「Bitter Coffee」発売記念「スキマスイッチのこのヘンまでやってみよう」もしもし生電話SP！,2021-11-26T13:57:25Z,33844,827,20,PT1H41M58S
k4uHjl1fpv0,大橋卓弥を探せ！初級編ネタバレ,2021-11-26T13:10:39Z,6659,272,10,PT13S
2ieRUZwkqq4,スキマスイッチ 「Bitter Coffee」初回盤特典映像Digest Vol.4,2021-11-26T11:00:02Z,8550,297,6,PT1M49S
IEE_qdqhw7c,【公式】#29 スカイダイビング完結編！遂に！大橋の夢が叶う！！ スキマスイッチのこのヘンまでやってみよう,2021-11-26T10:00:19Z,29270,1083,98,PT17M58S
-jgu6kF1HlU,【 #Shorts 】#27 目指せスカイダイビング！2人きりのドライブトーク！「Hot Milk」全曲解説【後編】 スキマスイッチのこのヘンまでやってみよう,2021-11-25T11:50:51Z,4290,271,6,PT58S
IOLzIrKAhmI,スキマスイッチ 「Hot Milk」初回盤特典映像Digest Vol.3,2021-11-25T11:00:17Z,8317,299,10,PT2M
KUP6FUuVNHY,大橋卓弥を探せ！初級編,2021-11-25T09:06:18Z,8044,356,18,PT16S
t3dV06EHm14,【ダイジェスト】#27 目指せスカイダイビング！2人きりのドライブトーク！「Hot Milk」全曲解説【後編】 スキマスイッチのこのヘンまでやってみよう,2021-11-24T10:00:24Z,3171,136,3,PT3M26S
8WW36S6LbvI,スキマスイッチ『されど愛しき人生』,2021-11-24T09:07:42Z,5106,303,2,PT16S
mk1EgBBa8QE,スキマスイッチ 「Bitter Coffee」CD Digest,2021-11-24T09:00:19Z,11890,332,25,PT1M45S
XuKhtGcZt1U,スキマスイッチ 「Bitter Coffee」CD Digest イントロver.,2021-11-19T11:00:16Z,15419,488,38,PT1M49S
MwCDOgQjePI,【公式】#28 目指せスカイダイビング！のはずが、地獄の企画再び？！食レポカードバトル！ スキマスイッチのこのヘンまでやってみよう,2021-11-19T10:00:20Z,19650,544,29,PT14M56S
5K7s5ddUZmQ,【 #Shorts 】#26 目指せスカイダイビング！2人きりのドライブトーク！「Hot Milk」全曲解説【前編】 スキマスイッチのこのヘンまでやってみよう,2021-11-18T09:00:03Z,3624,223,4,PT1M
b99opdLiSI4,【ダイジェスト】#26 目指せスカイダイビング！2人きりのドライブトーク！「Hot Milk」全曲解説【前編】 スキマスイッチのこのヘンまでやってみよう,2021-11-17T11:00:31Z,3021,134,4,PT2M40S
On3mdKO42UE,【 #shorts 】#25 湖池屋さんも困惑！？新商品も遠慮なし！忖度しない大橋卓弥のスコーンランキング！【後編】　スキマスイッチのこのヘンまでやってみよう,2021-11-16T10:00:10Z,2598,145,0,PT57S
dNTZEJjMatg,スキマスイッチ 「Hot Milk」CD Digest,2021-11-15T11:14:16Z,14815,483,18,PT1M45S
ru-x7et7QD8,【ダイジェスト】#25 湖池屋さんも困惑！？新商品も遠慮なし！忖度しない大橋卓弥のスコーンランキング！【後編】　スキマスイッチのこのヘンまでやってみよう,2021-11-15T01:56:25Z,1828,92,4,PT2M47S
UdCs_agPlis,スキマスイッチ 「Bitter Coffee」初回盤特典映像Digest Vol.1,2021-11-12T11:00:16Z,12666,450,13,PT1M39S
kJNcwF-d9Tk,【公式】#27 目指せスカイダイビング！2人きりのドライブトーク！「Hot Milk」全曲解説【後編】 スキマスイッチのこのヘンまでやってみよう,2021-11-12T10:00:21Z,28234,857,38,PT18M1S
aAyIXqEzTMU,スキマスイッチ「されど愛しき人生」MVプレミア公開直前配信ライブ！,2021-11-10T12:02:31Z,20590,666,3,PT18M25S
Mm6dF9gIo0k,スキマスイッチ - 「されど愛しき人生」Music Video： SUKIMASWITCH - Saredo Itoshiki Jinsei Music Video,2021-11-10T12:00:13Z,1786895,7579,565,PT5M32S
65WfegzeYxY,スキマスイッチ - 「されど愛しき人生」ティザー映像公開！ 11/10(水)20:45～プレミア公開直前生配信も決定！,2021-11-08T11:00:05Z,16865,512,33,PT15S
tP6z-mMrGv8,スキマスイッチ 「Hot Milk」初回盤特典映像Digest Vol.1,2021-11-05T11:00:23Z,16206,481,17,PT2M1S
iFT6izOkIv0,【公式】#26 目指せスカイダイビング！2人きりのドライブトーク！「Hot Milk」全曲解説【前編】 スキマスイッチのこのヘンまでやってみよう,2021-11-05T10:00:24Z,35721,1043,54,PT19M37S
Jcv3v5EMezA,【 #shorts 】#24 湖池屋さんも困惑！？劇的に美味しくなる！スコーンの斬新な食べ方【前編】　スキマスイッチのこのヘンまでやってみよう,2021-11-04T11:01:45Z,2548,177,1,PT1M
0D2vmMcmpbA,【ダイジェスト】#24 湖池屋さんも困惑！？劇的に美味しくなる！スコーンの斬新な食べ方【前編】　スキマスイッチのこのヘンまでやってみよう,2021-11-03T10:00:01Z,2275,107,5,PT2M48S
BGo1G1PMVSQ,【公式】#25 湖池屋さんも困惑！？新商品も遠慮なし！忖度しない大橋卓弥のスコーンランキング！【後編】　スキマスイッチのこのヘンまでやってみよう,2021-11-02T10:00:04Z,20204,622,55,PT14M33S
_qBeqrJK5W4,【公式】#24 湖池屋さんも困惑！？劇的に美味しくなる！スコーンの斬新な食べ方【前編】　スキマスイッチのこのヘンまでやってみよう,2021-10-29T10:00:34Z,51965,702,49,PT15M41S
Eh2btzK1OOI,【 #Shorts 】#23 大橋卓弥にマジドッキリ？！大橋CASINO開催！　スキマスイッチのこのヘンまでやってみよう,2021-10-28T10:00:07Z,1979,74,1,PT1M1S
lU6VENBlUFk,【ダイジェスト】#23 大橋卓弥にマジドッキリ？！大橋CASINO開催！　スキマスイッチのこのヘンまでやってみよう,2021-10-27T10:00:35Z,3271,136,1,PT2M32S
3fidWsaHfPg,スキマスイッチ「OverDriver」MVプレミア公開直前配信ライブ！,2021-10-25T12:02:24Z,18739,692,12,PT14M11S
sRplsaV0Hss,スキマスイッチ - 「OverDriver」Music Video： SUKIMASWITCH - OverDriver Music Video,2021-10-25T12:00:11Z,1104995,6605,279,PT4M32S
6M3Hn7xYdTo,【公式】#23 大橋卓弥にマジドッキリ？！大橋CASINO開催！　スキマスイッチのこのヘンまでやってみよう,2021-10-22T10:00:03Z,37699,1108,65,PT16M5S
A3HbY4eJ0a4,【 #Shorts 】#22 クイズ！小澤さん！！　スキマスイッチのこのヘンまでやってみよう,2021-10-21T11:14:34Z,5847,274,3,PT59S
CucDYnJQ1xQ,10/25(月)21時MVプレミア公開＆先行配信決定！新曲『OverDriver』ティザー第2弾！,2021-10-19T11:00:09Z,16219,538,36,PT17S
otEQYsrVtSo,【公式】#22 クイズ！小澤さん！！　スキマスイッチのこのヘンまでやってみよう,2021-10-15T10:00:20Z,27355,844,73,PT16M41S
_30caM7HXro,【 #shorts 】#21 スキマスイッチ徹底解剖!!　スキマスイッチのこのヘンまでやってみよう,2021-10-14T10:00:16Z,3422,184,3,PT1M
YzXI7BFqPOo,【ダイジェスト】#21 スキマスイッチ徹底解剖!!　スキマスイッチのこのヘンまでやってみよう,2021-10-14T00:18:24Z,3265,150,4,PT2M36S
4GkJEWEJAPY,11/24(水)発売コンセプトオリジナルアルバム「Hot Milk」に収録される新曲『OverDriver』ティザー公開！,2021-10-13T11:03:32Z,8103,398,40,PT17S
Z_KS3RtnrLM,【公式】#21 スキマスイッチ徹底解剖!!　スキマスイッチのこのヘンまでやってみよう,2021-10-08T10:00:30Z,19178,675,58,PT12M50S
tgbruE4KDKI,【 #shorts 】#20 小杉さんとやってみよう！ヒーハー！って言うゲーム　スキマスイッチのこのヘンまでやってみよう,2021-10-07T10:00:33Z,5046,211,2,PT52S
PaoU_UGjQLg,【ダイジェスト】#20 小杉さんとやってみよう！ヒーハー！って言うゲーム　スキマスイッチのこのヘンまでやってみよう,2021-10-06T10:00:14Z,3232,150,6,PT2M39S
p1ez205HKtk,スキマスイッチ 「Hot Milk」「Bitter Coffee」DELUXE盤 特典映像Digest,2021-10-01T11:00:22Z,35144,778,27,PT2M17S
d-Aql2mbKd8,【公式】#20 小杉さんとやってみよう！ヒーハー！って言うゲーム　スキマスイッチのこのヘンまでやってみよう,2021-10-01T10:00:20Z,30640,741,37,PT15M21S
2oFHQRdzgRU,【ダイジェスト】#19 ブラマヨ小杉さん登場！念願のヒーハー！　スキマスイッチのこのヘンまでやってみよう,2021-09-30T12:14:20Z,4162,219,10,PT2M38S
S29XFP_EDdU,【公式】#19 ブラマヨ小杉さん登場！念願のヒーハー！　スキマスイッチのこのヘンまでやってみよう,2021-09-24T10:00:16Z,38978,1101,65,PT17M22S
l0p-TGmhOuc,【公式】#18 食レポカードバトル対決！　スキマスイッチのこのヘンまでやってみよう,2021-09-17T10:00:37Z,18567,644,49,PT17M7S
rnUfukGN5l4,【公式】#17 視聴者から寄せられたスキマ鑑賞会　スキマスイッチのこのヘンまでやってみよう,2021-09-10T10:00:26Z,20553,618,19,PT15M6S
pFVBRvy0-7I,【公式】#16 気象予報士 今村涼子さん Presents　お天気豆情報！　スキマスイッチのこのヘンまでやってみよう,2021-09-03T10:00:23Z,41385,848,60,PT19M34S
ZQXkZ_-gHrs,【公式】#15 思い出の地を巡る-上京前-《常田編》！　スキマスイッチのこのヘンまでやってみよう,2021-08-27T10:00:16Z,24755,818,54,PT15M32S
TS-UXQfP304,【公式】#14 思い出の地を巡る-上京前-《大橋編》！　スキマスイッチのこのヘンまでやってみよう,2021-08-20T10:00:11Z,31492,1022,70,PT14M32S
fQxwZdMPX2s,【公式】#13 コンビ愛確かめ選手権！　スキマスイッチのこのヘンまでやってみよう,2021-08-13T10:00:18Z,34196,1183,79,PT16M7S
fDZ70fJ-4Cs,【公式】#12 答えて当然！イントロドン！ライブ盤　スキマスイッチのこのヘンまでやってみよう,2021-08-06T10:00:19Z,33747,1127,94,PT17M28S
gGzILT53rUk,【公式】#11 番組アンケート回答講座！　スキマスイッチのこのヘンまでやってみよう,2021-07-30T10:00:18Z,24160,797,34,PT15M45S
Akxm2QPHIxs,【公式】#10 キャッチコピー＆自己紹介を作ろう！　スキマスイッチのこのヘンまでやってみよう,2021-07-23T10:00:13Z,21319,861,94,PT14M1S
v9bLubx4G6U,【公式】#9 ボードゲームで遊ぼう！Part3　スキマスイッチのこのヘンまでやってみよう,2021-07-16T10:00:25Z,18652,634,41,PT12M6S
TxQpyQbveos,【公式】#8 ボードゲームで遊ぼう！Part2　スキマスイッチのこのヘンまでやってみよう,2021-07-09T10:00:26Z,23074,786,60,PT16M46S
vOOZh_1TeHs,【公式】#7 ボードゲームで遊ぼう！Part1 スキマスイッチのこのヘンまでやってみよう,2021-07-02T10:00:29Z,26803,888,65,PT14M43S
ksdYG2YApvM,【公式】#6 音楽口上委員会 スキマスイッチのこのヘンまでやってみよう,2021-06-25T10:00:22Z,34767,1290,94,PT16M18S
9Nt_aFN-uzY,【公式】#5 へディス対決！ スキマスイッチのこのヘンまでやってみよう,2021-06-18T10:00:04Z,22258,872,61,PT12M51S
zKufyS2Dh4k,【公式】#4 へディスに挑戦！ スキマスイッチのこのヘンまでやってみよう,2021-06-11T10:00:34Z,25724,1022,80,PT14M35S
ERIOkKo1fno,【公式】#3 答えて当然！イントロドン スキマスイッチのこのヘンまでやってみよう,2021-06-04T10:00:18Z,65252,1697,130,PT16M50S
LIq8gaq26sw,【公式】#2 スキマを探しにいこうIN金沢 スキマスイッチのこのヘンまでやってみよう,2021-05-28T10:00:11Z,34782,1331,94,PT13M50S
fLXIw7hj1s4,【公式】#1 ジングルをつくろう スキマスイッチのこのヘンまでやってみよう,2021-05-21T10:00:31Z,55179,2103,140,PT16M23S
mptelKge8Tg,「スキマスイッチ TOUR 2020-2021 Smoothie THE MOVIE」LIVE Blu-ray & DVDダイジェスト,2021-05-21T10:00:23Z,19974,509,29,PT2M21S
199r6OwuYG0,【公式】#0 スキマスイッチYouTube番組企画会議！,2021-05-07T09:00:00Z,33728,1348,96,PT12M43S
mvqWMlgyfII,スキマスイッチ / SUKIMASWITCH ：POPMAN’S CARNIVAL vol.2 in KUMAMOTO” DIGEST,2021-05-01T04:00:30Z,106663,1714,92,PT10M43S
kT5vESgiDkA,スキマスイッチ “Smoothie” J-LOD YouTube,2021-04-30T06:46:43Z,83869,1280,67,PT7M46S
wJ53VBHYGzM,スキマスイッチ - 「ラストシーン」Music Video： SUKIMASWITCH - LAST SCENE Music Video,2021-04-28T08:00:30Z,51214,799,40,PT12M9S
gIv09CqzZ68,スキマスイッチ - 「アイスクリーム シンドローム」Music Video： SUKIMASWITCH - ICECREAM SYNDROME Music Video,2021-04-28T08:00:21Z,2019966,18216,829,PT5M8S
UuOL3kV2mEs,スキマスイッチ - 「LINE」Music Video： SUKIMASWITCH - LINE Music Video,2021-04-28T08:00:15Z,1137274,15519,419,PT5M9S
XaLictcjJiI,スキマスイッチ - 「パラボラヴァ」Music Video： SUKIMASWITCH - PARABORAVA Music Video,2021-04-28T08:00:13Z,498676,3392,147,PT5M42S
B6smMVK0zXc,スキマスイッチ - 「星のうつわ」Music Video： SUKIMASWITCH - HOSHINOUTSUWA Music Video,2021-04-28T08:00:08Z,1067711,11599,356,PT5M36S
IuAODcEqYSM,スキマスイッチ - 「晴ときどき曇」Music Video： SUKIMASWITCH - HARETOKIDOKIKUMORI Music Video,2021-04-28T08:00:07Z,310711,2499,94,PT5M42S
KGq3BWbN69E,スキマスイッチ - 「スカーレット」Music Video： SUKIMASWITCH - SCARLET Music Video,2021-04-28T08:00:05Z,581140,3014,185,PT5M14S
HxTQF1bCyag,スキマスイッチ - 「Ah Yeah!!」Music Video： SUKIMASWITCH - Ah Yeah!! Music Video,2021-04-28T08:00:04Z,1007547,10239,235,PT5M7S
2B7jXfcqs18,スキマスイッチ - 「ユリーカ」Music Video： SUKIMASWITCH - EUREKA Music Video,2021-04-28T08:00:01Z,1028258,8398,206,PT4M
4D13K0l8PoU,スキマスイッチ - 「Hello Especially」Music Video： SUKIMASWITCH - HELLO ESPECIALLY Music Video,2021-04-28T08:00:01Z,562857,5835,208,PT4M3S
trmDNQbOsUM,スキマスイッチ TOUR 2020-2021 Smoothieスペシャル映像『スキマスイッチがスムージーを作ってみた！』ティザー映像,2021-04-21T03:00:12Z,14213,567,28,PT1M46S
wxx0QkFhAhg,スキマスイッチ TOUR 2020-2021 Smoothie  LIVE CDダイジェスト,2021-04-19T08:00:30Z,15460,538,43,PT2M21S
365K71NSmJQ,スキマスイッチ / 「吠えろ！」Making Video：SUKIMASWITCH / HOERO！ Making Video,2021-04-16T09:00:02Z,12093,407,25,PT5M48S
v24dYggurqo,スキマスイッチ / 「吠えろ！」MUSIC VIDEO：SUKIMASWITCH / HOERO！ MUSIC VIDEO,2021-04-14T12:00:15Z,231949,3141,188,PT4M31S
EOS0tU1z68E,2/21(日)19時～「スキマスイッチ TOUR POPMAN'S CARNIVAL vol.2　FINAL in KUMAMOTO supported by uP!!!」uP!!!にて独占生配信決定,2021-02-15T08:37:02Z,12509,308,14,PT9M45S
wP1Dx7qdRkk,スキマスイッチ TOUR POPMAN'S CARNIVAL vol.2 FINAL in KUMAMOTO supported by uP!!!,2021-02-13T05:10:09Z,11536,399,12,PT1M1S
CtOm5WP7EDU,スキマスイッチ TOUR 2020-2021 “Smoothie”でのお願い,2020-12-11T05:36:39Z,17404,556,26,PT2M33S
zSsst6XRPt4,"スキマスイッチ「Streaming LIVE ""a la carte 2020"" ～実際にやってみた！～ THE MOVIE」 teaser",2020-11-04T11:48:34Z,21590,593,22,PT2M30S
3MastVBCg2o,SUKIMASWITCH 「Streaming LIVE “a la carte”」 Highlight Video for Indonesia,2020-10-10T14:30:00Z,11876,833,89,PT38M28S
xZVmD9iQInY,無限開關 線上演唱會 精華篇 for Taiwan / SUKIMASWITCH「Streaming LIVE」Highlight Video for Taiwan,2020-10-10T04:00:07Z,1826,135,15,PT43M51S
MlNYJQW9R94,スキマスイッチ  / SUKIMASWITCH : Streaming LIVE “a la carte 2020” DIGEST,2020-10-01T08:00:07Z,77323,1789,96,PT13M33S
X0KYshm0W64,スキマスイッチ / 常田真太郎 誕生日サプライズ 2020.2.25 Digest,2020-09-09T08:00:04Z,14954,441,26,PT2M6S
v-lM35mGeiA,スキマスイッチ / 熊本無観客配信ライブ ドキュメンタリー 2020.2.28 Digest,2020-09-07T10:00:18Z,17099,579,31,PT2M8S
hhdbBqn0qmY,スキマスイッチ TOUR 2019-2020 POPMAN’S CARNIVAL”Vol.2 THE MOVIE Digest,2020-09-04T09:47:43Z,24440,588,26,PT1M55S
ot1uw0PbXQk,スキマスイッチ / POPMAN’S CARNIVAL”Vol.0 @クラブチッタ Digest,2020-08-26T03:00:08Z,25452,625,35,PT1M27S
M8ZHOTHz3YQ,スキマスイッチ - ボクノート（2010 LAGRANGIAN POINT）,2020-08-20T15:53:15Z,3554574,13447,344,PT5M39S
A-TVvqzPL64,スキマスイッチ - 全力少年（2010 LAGRANGIAN POINT）,2020-08-20T15:52:50Z,360621,1870,45,PT5M52S
4NNps6RbrTI,スキマスイッチ - SL9（2010 LAGRANGIAN POINT）,2020-08-20T15:51:02Z,191925,1731,100,PT8M21S
CFyo-opTFsg,スキマスイッチ - 雫（2010 LAGRANGIAN POINT）,2020-08-20T15:48:45Z,1506682,19110,279,PT4M30S
9f18iVBwkz0,スキマスイッチ - ガラナ（2010 LAGRANGIAN POINT）,2020-08-20T15:48:42Z,297653,1965,61,PT4M34S
XYW30LOey3o,スキマスイッチ  / 『スキマノハナタバ  〜Smile Song Selection〜』Concept Movie,2020-08-12T23:00:06Z,238173,3768,162,PT7M14S
7IYrPO-2BGg,今こそONE TEAM！全国高校ラグビー大会テーマソング「ハナツ」リモート合唱MV完成！,2020-07-31T11:00:02Z,37030,1077,58,PT6M55S
KvKpjXvmSSQ,スキマスイッチ無観客配信ライブ　7/5（日）18時までチケット販売中！,2020-07-01T07:58:22Z,24552,592,22,PT1M
FX0rsKV1IsA,スキマスイッチ TOUR 2019-2020 POPMANʼS CARNIVAL vol.2 ダイジェスト,2020-06-12T03:00:07Z,33501,788,52,PT2M16S
f70JCuplkJA,スキマスイッチ LIVE生配信,2020-02-28T11:07:16Z,605821,12264,502,PT57M24S
c4UJlozrxnI,SUKIMASWITCH / Revival (Bahasa Indonesia Lyrics),2020-02-21T05:14:49Z,54194,980,52,PT5M15S
DBZxd_aRG0Y,SUKIMASWITCH / LINE (Bahasa Indonesia Lyrics),2020-02-21T05:14:10Z,374286,6319,372,PT5M8S
8-MLinTaVAk,SUKIMASWITCH / Mr. Kite : SHINKAI MAKOTO × SUKIMASWITCH Collaborated MV (Bahasa Indonesia Lyrics),2020-02-21T05:05:29Z,17785,552,25,PT2M4S
HFVynMTQ8Q4,SUKIMASWITCH / SEISHUN (Bahasa Indonesia Lyrics),2020-02-14T05:00:23Z,22401,434,17,PT5M25S
KvflKpsQotk,SUKIMASWITCH / KANADE (Bahasa Indonesia Lyrics),2020-02-14T05:00:23Z,451182,5078,206,PT5M45S
q2Tv-Z8xuxI,SUKIMASWITCH / ZENRYOKU SHOUNEN (Bahasa Indonesia Lyrics),2020-02-14T05:00:23Z,367756,5977,291,PT4M35S
3Fhd-ZdHFiA,スキマスイッチ/SUKIMASWITCH ジャカルタ公演詳細発表,2019-12-20T08:00:01Z,7524,221,21,PT1M12S
oaoUMS4r5SM,スキマスイッチ『ハナツ』2019（full ver.),2019-12-16T06:29:29Z,80319,959,38,PT7M2S
hRK5aDOvFrE,スキマスイッチ 「クリスマスがやってくる～Christmas Edition～」 クリスマスグッズ付き完全限定生産で発売！,2019-11-20T06:00:20Z,24860,748,38,PT2M12S
o2W6LWvmbPo,スキマスイッチ「ハナツ」2019 MV（short ver.）～高校生ラグビー選手600人と大合唱！～,2019-09-30T04:00:35Z,69196,876,52,PT4M6S
b_zXYdxKkRw,スキマスイッチ / 「青春」 初回限定盤A Digest Movie,2019-07-20T00:50:05Z,27135,738,9,PT39S
K_M3f0z7lM4,スキマスイッチと一緒に青春の1ページを,2019-07-03T22:04:13Z,51953,943,55,PT6M50S
KYOQo60a3tQ,スキマスイッチ New SG「青春」全曲ティザー,2019-07-02T02:59:59Z,18206,385,17,PT1M38S
6jqta4rX370,2019年今秋から「スキマスイッチ TOUR 2019-2020 POPMAN'S CARNIVAL vol.2」開催決定！,2019-07-01T04:00:11Z,50876,613,71,PT4M46S
TOrXRQB5ZNw,スキマスイッチ / 「青春」Music Video Documentary,2019-06-24T16:16:46Z,140867,1611,58,PT5M29S
kiOJ1DykNJI,スキマスイッチ / 「東京」ティザー映像,2019-06-21T09:03:28Z,48486,738,42,PT2M9S
vXIXkS61Qqc,スキマスイッチ - 「青春」Music Video：SUKIMASWITCH - SEISHUN Music Video,2019-06-12T19:00:12Z,1673811,12277,574,PT5M25S
cYSv5sOYdAI,スキマスイッチ / 未来花 for Anniversary from 15th Anniversary Special at YOKOHAMA ARENA ～Reversible～ THE MOVIE,2019-05-16T06:52:05Z,819033,4247,140,PT6M10S
dlSXhSCKhck,スキマスイッチ / 全力少年 from SUKIMASWITCH 15th Anniversary Special at YOKOHAMA ARENA ～Reversible～ THE MOVIE,2019-05-16T06:52:05Z,1492147,10155,244,PT4M57S
wjoTmy3c16U,スキマスイッチ：SUKIMASWITCH / 奏（かなで）：KANADE  1億回突破記念！！～共に歩んだ１５年間の軌跡～,2019-04-05T02:59:52Z,18804653,44144,1170,PT5M25S
O3JwiKJj7-8,スキマスイッチ - 「Revival」Music Video - SUKIMASWITCH,2018-09-10T22:58:50Z,4821188,56144,2226,PT5M19S
Tg2BGVTTQzc,"「ゴールデンタイムラバー」from TOUR 2010 ""LAGRANGIAN POINT""： SUKIMASWITCH - GOLDEN TIME RUBBER Live...",2014-07-02T08:40:01Z,2785411,16794,591,PT7M51S
16dCkDnhpAA,スキマスイッチ - 「飲みに来ないか」Music Video：SUKIMASWITCH - NOMINIKONAIKA Music Video,2014-02-27T07:39:30Z,2241627,10100,279,PT4M4S
gfiGQhDH4ZI,スキマスイッチ - 「さいごのひ」Music Video：SUKIMASWITCH - SAIGONOHI Music Video,2010-12-24T05:46:43Z,1962868,3856,156,PT6M38S
0iAF8TJAqp4,スキマスイッチ - 「ゴールデンタイムラバー」Music Video : SUKIMASWITCH / GOLDEN TIME RUBBER Music Video,2009-10-02T07:35:10Z,29388449,123005,3596,PT5M43S
15566qQHhlw,スキマスイッチ - 「虹のレシピ」Music Video：SUKIMASWITCH - NIJINORECIPI Music Video,2009-04-28T08:36:29Z,1494284,2059,108,PT8M3S
bzFYUVCE8Go,スキマスイッチ - 「君の話」Music Video：SUKIMASWITCH - KIMINOHANASHI Music Video,2008-12-08T12:00:50Z,1555702,3697,235,PT3M49S
ey8GcW1GGOY,大橋卓弥 - 「SKY」Music Video：TAKUYA OHASHI - SKY Music Video,2008-12-08T11:51:27Z,537737,1380,92,PT4M38S
QRsqEFoXq-w,大橋卓弥 - 「はじまりの歌」Music Video：TAKUYAOHASHI - HAJIMARINOUTA Music Video,2008-12-08T11:45:59Z,4230851,10963,562,PT6M24S
TZAjKYUnW9g,スキマスイッチ - 「マリンスノウ」Music Video：SUKIMASWITCH - MARINESNOW Music Video,2008-12-08T09:08:10Z,5046640,9368,475,PT5M23S
tHJGdnG6CpQ,スキマスイッチ - 「アカツキの詩」Music Video：SUKIMASWITCH - AKATSUKINOUTA Music Video,2008-12-08T08:58:46Z,5187616,13286,589,PT4M43S
yw8OmnujQdc,スキマスイッチ - 「ガラナ」Music Video：SUKIMASWITCH - GUARANA Music Video,2008-12-08T08:46:18Z,17395850,33104,1543,PT4M29S
AeMRXJtg500,スキマスイッチ - 「ボクノート」Music Video：SUKIMASWITCH - BOKU NOOTO Music Video,2008-12-08T08:42:51Z,35847646,118543,5247,PT5M56S
0vHyhZyBtsE,スキマスイッチ / 雨待ち風,2008-12-08T08:35:11Z,3073673,6893,341,PT6M2S
IvDTkTKi5pA,スキマスイッチ - 「全力少年」Music Video : SUKIMASWITCH / ZENRYOKU SHOUNEN Music Video,2008-12-08T08:27:04Z,99039955,318804,14351,PT4M42S
9BCqxGHG69U,スキマスイッチ - 「ふれて未来を」Music Video：SUKIMASWITCH - FURETEMIRAIWO Music Video,2008-12-08T08:21:19Z,2991438,7485,333,PT4M39S
YNNDVIJHSHQ,スキマスイッチ - 「冬の口笛」Music Video：SUKIMASWITCH - FUYUNOKUCHIBUE Music Video,2008-12-08T08:14:00Z,2339154,5337,304,PT5M42S
J5Z7tIq7bco,スキマスイッチ - 「奏（かなで）」Music Video : SUKIMASWITCH / KANADE Music Video,2008-12-08T08:04:59Z,201710700,443987,15825,PT5M45S
BewXWiygfvU,スキマスイッチ - 「view」Music Video：SUKIMASWITCH - VIEW Music Video,2008-12-08T08:01:11Z,1892455,6433,410,PT4M27S
